rm -rf /tmp/*test-raftstore*
GO111MODULE=on go test -v --count=1 --parallel=1 -p=1 ./kv/test_raftstore -run ^TestBasic2B|| true
=== RUN   TestBasic2B
2025/12/20 22:37:19.037654 node.go:193: [0;37m[info] start raft store node, storeID: 1[0m
2025/12/20 22:37:19.037920 peer.go:41: [0;37m[info] region id:1 region_epoch:<conf_ver:1 version:1 > peers:<id:1 store_id:1 > peers:<id:2 store_id:2 > peers:<id:3 store_id:3 > peers:<id:4 store_id:4 > peers:<id:5 store_id:5 >  create peer with ID 1[0m
2025/12/20 22:37:19.037954 peer_storage.go:55: [0;36m[debug] [region 1] 1 creating storage for id:1 region_epoch:<conf_ver:1 version:1 > peers:<id:1 store_id:1 > peers:<id:2 store_id:2 > peers:<id:3 store_id:3 > peers:<id:4 store_id:4 > peers:<id:5 store_id:5 > [0m
2025/12/20 22:37:19.037976 raftstore.go:174: [0;37m[info] start store 1, region_count 1, tombstone_count 0, takes 180.711µs[0m
2025/12/20 22:37:19.038109 node.go:193: [0;37m[info] start raft store node, storeID: 2[0m
2025/12/20 22:37:19.038172 peer.go:41: [0;37m[info] region id:1 region_epoch:<conf_ver:1 version:1 > peers:<id:1 store_id:1 > peers:<id:2 store_id:2 > peers:<id:3 store_id:3 > peers:<id:4 store_id:4 > peers:<id:5 store_id:5 >  create peer with ID 2[0m
2025/12/20 22:37:19.038221 peer_storage.go:55: [0;36m[debug] [region 1] 2 creating storage for id:1 region_epoch:<conf_ver:1 version:1 > peers:<id:1 store_id:1 > peers:<id:2 store_id:2 > peers:<id:3 store_id:3 > peers:<id:4 store_id:4 > peers:<id:5 store_id:5 > [0m
2025/12/20 22:37:19.038234 raftstore.go:174: [0;37m[info] start store 2, region_count 1, tombstone_count 0, takes 79.88µs[0m
2025/12/20 22:37:19.038283 node.go:193: [0;37m[info] start raft store node, storeID: 3[0m
2025/12/20 22:37:19.038342 peer.go:41: [0;37m[info] region id:1 region_epoch:<conf_ver:1 version:1 > peers:<id:1 store_id:1 > peers:<id:2 store_id:2 > peers:<id:3 store_id:3 > peers:<id:4 store_id:4 > peers:<id:5 store_id:5 >  create peer with ID 3[0m
2025/12/20 22:37:19.038355 peer_storage.go:55: [0;36m[debug] [region 1] 3 creating storage for id:1 region_epoch:<conf_ver:1 version:1 > peers:<id:1 store_id:1 > peers:<id:2 store_id:2 > peers:<id:3 store_id:3 > peers:<id:4 store_id:4 > peers:<id:5 store_id:5 > [0m
2025/12/20 22:37:19.038367 raftstore.go:174: [0;37m[info] start store 3, region_count 1, tombstone_count 0, takes 38.811µs[0m
2025/12/20 22:37:19.038399 node.go:193: [0;37m[info] start raft store node, storeID: 4[0m
2025/12/20 22:37:19.038461 peer.go:41: [0;37m[info] region id:1 region_epoch:<conf_ver:1 version:1 > peers:<id:1 store_id:1 > peers:<id:2 store_id:2 > peers:<id:3 store_id:3 > peers:<id:4 store_id:4 > peers:<id:5 store_id:5 >  create peer with ID 4[0m
2025/12/20 22:37:19.038495 peer_storage.go:55: [0;36m[debug] [region 1] 4 creating storage for id:1 region_epoch:<conf_ver:1 version:1 > peers:<id:1 store_id:1 > peers:<id:2 store_id:2 > peers:<id:3 store_id:3 > peers:<id:4 store_id:4 > peers:<id:5 store_id:5 > [0m
2025/12/20 22:37:19.038508 raftstore.go:174: [0;37m[info] start store 4, region_count 1, tombstone_count 0, takes 61.324µs[0m
2025/12/20 22:37:19.038594 node.go:193: [0;37m[info] start raft store node, storeID: 5[0m
2025/12/20 22:37:19.038658 peer.go:41: [0;37m[info] region id:1 region_epoch:<conf_ver:1 version:1 > peers:<id:1 store_id:1 > peers:<id:2 store_id:2 > peers:<id:3 store_id:3 > peers:<id:4 store_id:4 > peers:<id:5 store_id:5 >  create peer with ID 5[0m
2025/12/20 22:37:19.038678 peer_storage.go:55: [0;36m[debug] [region 1] 5 creating storage for id:1 region_epoch:<conf_ver:1 version:1 > peers:<id:1 store_id:1 > peers:<id:2 store_id:2 > peers:<id:3 store_id:3 > peers:<id:4 store_id:4 > peers:<id:5 store_id:5 > [0m
2025/12/20 22:37:19.038692 raftstore.go:174: [0;37m[info] start store 5, region_count 1, tombstone_count 0, takes 58.588µs[0m
2025/12/20 22:37:19.541849 peer.go:373: [0;36m[debug] [region 1] 2, send raft msg MsgRequestVote from {2 2 {} [] 0} to id:1 store_id:1 [0m
2025/12/20 22:37:19.541926 peer.go:373: [0;36m[debug] [region 1] 2, send raft msg MsgRequestVote from {2 2 {} [] 0} to id:3 store_id:3 [0m
2025/12/20 22:37:19.541935 peer.go:373: [0;36m[debug] [region 1] 2, send raft msg MsgRequestVote from {2 2 {} [] 0} to id:4 store_id:4 [0m
2025/12/20 22:37:19.541941 peer.go:373: [0;36m[debug] [region 1] 2, send raft msg MsgRequestVote from {2 2 {} [] 0} to id:5 store_id:5 [0m
2025/12/20 22:37:19.542381 peer.go:373: [0;36m[debug] [region 1] 1, send raft msg MsgRequestVote from {1 1 {} [] 0} to id:2 store_id:2 [0m
2025/12/20 22:37:19.542563 peer.go:373: [0;36m[debug] [region 1] 4, send raft msg MsgRequestVote from {4 4 {} [] 0} to id:1 store_id:1 [0m
2025/12/20 22:37:19.542586 peer.go:373: [0;36m[debug] [region 1] 4, send raft msg MsgRequestVote from {4 4 {} [] 0} to id:2 store_id:2 [0m
2025/12/20 22:37:19.542593 peer.go:373: [0;36m[debug] [region 1] 4, send raft msg MsgRequestVote from {4 4 {} [] 0} to id:3 store_id:3 [0m
2025/12/20 22:37:19.542599 peer.go:373: [0;36m[debug] [region 1] 4, send raft msg MsgRequestVote from {4 4 {} [] 0} to id:5 store_id:5 [0m
2025/12/20 22:37:19.542605 peer_msg_handler.go:287: [0;36m[debug] [region 1] 4 handle raft message MsgRequestVote from 2 to 4[0m
2025/12/20 22:37:19.542619 peer_msg_handler.go:287: [0;36m[debug] [region 1] 2 handle raft message MsgRequestVote from 1 to 2[0m
2025/12/20 22:37:19.542646 peer.go:373: [0;36m[debug] [region 1] 1, send raft msg MsgRequestVote from {1 1 {} [] 0} to id:3 store_id:3 [0m
2025/12/20 22:37:19.542781 peer_msg_handler.go:335: [0;36m[debug] [region 1] handle raft message region_id:1 from_peer:<id:2 store_id:2 > to_peer:<id:4 store_id:4 > message:<msg_type:MsgRequestVote to:4 from:2 term:6 index:5 > region_epoch:<conf_ver:1 version:1 >  from 2 to 4[0m
2025/12/20 22:37:19.542873 peer_msg_handler.go:335: [0;36m[debug] [region 1] handle raft message region_id:1 from_peer:<id:1 store_id:1 > to_peer:<id:2 store_id:2 > message:<msg_type:MsgRequestVote to:2 from:1 term:6 index:5 > region_epoch:<conf_ver:1 version:1 >  from 1 to 2[0m
2025/12/20 22:37:19.542923 peer_msg_handler.go:287: [0;36m[debug] [region 1] 2 handle raft message MsgRequestVote from 4 to 2[0m
2025/12/20 22:37:19.542941 peer_msg_handler.go:335: [0;36m[debug] [region 1] handle raft message region_id:1 from_peer:<id:4 store_id:4 > to_peer:<id:2 store_id:2 > message:<msg_type:MsgRequestVote to:2 from:4 term:6 index:5 > region_epoch:<conf_ver:1 version:1 >  from 4 to 2[0m
2025/12/20 22:37:19.542972 peer.go:373: [0;36m[debug] [region 1] 1, send raft msg MsgRequestVote from {1 1 {} [] 0} to id:4 store_id:4 [0m
2025/12/20 22:37:19.542997 peer.go:373: [0;36m[debug] [region 1] 1, send raft msg MsgRequestVote from {1 1 {} [] 0} to id:5 store_id:5 [0m
2025/12/20 22:37:19.543005 peer_msg_handler.go:287: [0;36m[debug] [region 1] 1 handle raft message MsgRequestVote from 2 to 1[0m
2025/12/20 22:37:19.543048 peer_msg_handler.go:335: [0;36m[debug] [region 1] handle raft message region_id:1 from_peer:<id:2 store_id:2 > to_peer:<id:1 store_id:1 > message:<msg_type:MsgRequestVote to:1 from:2 term:6 index:5 > region_epoch:<conf_ver:1 version:1 >  from 2 to 1[0m
2025/12/20 22:37:19.543059 peer_msg_handler.go:287: [0;36m[debug] [region 1] 1 handle raft message MsgRequestVote from 4 to 1[0m
2025/12/20 22:37:19.543082 peer_msg_handler.go:335: [0;36m[debug] [region 1] handle raft message region_id:1 from_peer:<id:4 store_id:4 > to_peer:<id:1 store_id:1 > message:<msg_type:MsgRequestVote to:1 from:4 term:6 index:5 > region_epoch:<conf_ver:1 version:1 >  from 4 to 1[0m
2025/12/20 22:37:19.543208 peer.go:373: [0;36m[debug] [region 1] 3, send raft msg MsgRequestVote from {3 3 {} [] 0} to id:1 store_id:1 [0m
2025/12/20 22:37:19.543263 peer.go:373: [0;36m[debug] [region 1] 3, send raft msg MsgRequestVote from {3 3 {} [] 0} to id:2 store_id:2 [0m
2025/12/20 22:37:19.543272 peer.go:373: [0;36m[debug] [region 1] 3, send raft msg MsgRequestVote from {3 3 {} [] 0} to id:4 store_id:4 [0m
2025/12/20 22:37:19.543278 peer.go:373: [0;36m[debug] [region 1] 3, send raft msg MsgRequestVote from {3 3 {} [] 0} to id:5 store_id:5 [0m
2025/12/20 22:37:19.543293 peer_msg_handler.go:287: [0;36m[debug] [region 1] 3 handle raft message MsgRequestVote from 2 to 3[0m
2025/12/20 22:37:19.543196 peer.go:373: [0;36m[debug] [region 1] 5, send raft msg MsgRequestVote from {5 5 {} [] 0} to id:1 store_id:1 [0m
2025/12/20 22:37:19.543502 peer.go:373: [0;36m[debug] [region 1] 5, send raft msg MsgRequestVote from {5 5 {} [] 0} to id:2 store_id:2 [0m
2025/12/20 22:37:19.543537 peer.go:373: [0;36m[debug] [region 1] 5, send raft msg MsgRequestVote from {5 5 {} [] 0} to id:3 store_id:3 [0m
2025/12/20 22:37:19.543544 peer.go:373: [0;36m[debug] [region 1] 5, send raft msg MsgRequestVote from {5 5 {} [] 0} to id:4 store_id:4 [0m
2025/12/20 22:37:19.543559 peer_msg_handler.go:287: [0;36m[debug] [region 1] 5 handle raft message MsgRequestVote from 2 to 5[0m
2025/12/20 22:37:19.543327 peer_msg_handler.go:335: [0;36m[debug] [region 1] handle raft message region_id:1 from_peer:<id:2 store_id:2 > to_peer:<id:3 store_id:3 > message:<msg_type:MsgRequestVote to:3 from:2 term:6 index:5 > region_epoch:<conf_ver:1 version:1 >  from 2 to 3[0m
2025/12/20 22:37:19.543591 peer_msg_handler.go:335: [0;36m[debug] [region 1] handle raft message region_id:1 from_peer:<id:2 store_id:2 > to_peer:<id:5 store_id:5 > message:<msg_type:MsgRequestVote to:5 from:2 term:6 index:5 > region_epoch:<conf_ver:1 version:1 >  from 2 to 5[0m
2025/12/20 22:37:19.543606 peer_msg_handler.go:287: [0;36m[debug] [region 1] 5 handle raft message MsgRequestVote from 4 to 5[0m
2025/12/20 22:37:19.543612 peer_msg_handler.go:287: [0;36m[debug] [region 1] 3 handle raft message MsgRequestVote from 4 to 3[0m
2025/12/20 22:37:19.543622 peer_msg_handler.go:335: [0;36m[debug] [region 1] handle raft message region_id:1 from_peer:<id:4 store_id:4 > to_peer:<id:5 store_id:5 > message:<msg_type:MsgRequestVote to:5 from:4 term:6 index:5 > region_epoch:<conf_ver:1 version:1 >  from 4 to 5[0m
2025/12/20 22:37:19.543634 peer_msg_handler.go:287: [0;36m[debug] [region 1] 5 handle raft message MsgRequestVote from 1 to 5[0m
2025/12/20 22:37:19.543650 peer_msg_handler.go:335: [0;36m[debug] [region 1] handle raft message region_id:1 from_peer:<id:1 store_id:1 > to_peer:<id:5 store_id:5 > message:<msg_type:MsgRequestVote to:5 from:1 term:6 index:5 > region_epoch:<conf_ver:1 version:1 >  from 1 to 5[0m
2025/12/20 22:37:19.543714 peer_msg_handler.go:287: [0;36m[debug] [region 1] 5 handle raft message MsgRequestVote from 3 to 5[0m
2025/12/20 22:37:19.543774 peer_msg_handler.go:335: [0;36m[debug] [region 1] handle raft message region_id:1 from_peer:<id:3 store_id:3 > to_peer:<id:5 store_id:5 > message:<msg_type:MsgRequestVote to:5 from:3 term:6 index:5 > region_epoch:<conf_ver:1 version:1 >  from 3 to 5[0m
2025/12/20 22:37:19.543657 peer_msg_handler.go:335: [0;36m[debug] [region 1] handle raft message region_id:1 from_peer:<id:4 store_id:4 > to_peer:<id:3 store_id:3 > message:<msg_type:MsgRequestVote to:3 from:4 term:6 index:5 > region_epoch:<conf_ver:1 version:1 >  from 4 to 3[0m
2025/12/20 22:37:19.543949 peer_msg_handler.go:287: [0;36m[debug] [region 1] 3 handle raft message MsgRequestVote from 1 to 3[0m
2025/12/20 22:37:19.543971 peer_msg_handler.go:335: [0;36m[debug] [region 1] handle raft message region_id:1 from_peer:<id:1 store_id:1 > to_peer:<id:3 store_id:3 > message:<msg_type:MsgRequestVote to:3 from:1 term:6 index:5 > region_epoch:<conf_ver:1 version:1 >  from 1 to 3[0m
2025/12/20 22:37:19.544323 peer.go:373: [0;36m[debug] [region 1] 4, send raft msg MsgRequestVoteResponse from {4 4 {} [] 0} to id:2 store_id:2 [0m
2025/12/20 22:37:19.544387 peer_msg_handler.go:287: [0;36m[debug] [region 1] 4 handle raft message MsgRequestVote from 1 to 4[0m
2025/12/20 22:37:19.544424 peer_msg_handler.go:335: [0;36m[debug] [region 1] handle raft message region_id:1 from_peer:<id:1 store_id:1 > to_peer:<id:4 store_id:4 > message:<msg_type:MsgRequestVote to:4 from:1 term:6 index:5 > region_epoch:<conf_ver:1 version:1 >  from 1 to 4[0m
2025/12/20 22:37:19.544432 peer_msg_handler.go:287: [0;36m[debug] [region 1] 4 handle raft message MsgRequestVote from 3 to 4[0m
2025/12/20 22:37:19.544447 peer_msg_handler.go:335: [0;36m[debug] [region 1] handle raft message region_id:1 from_peer:<id:3 store_id:3 > to_peer:<id:4 store_id:4 > message:<msg_type:MsgRequestVote to:4 from:3 term:6 index:5 > region_epoch:<conf_ver:1 version:1 >  from 3 to 4[0m
2025/12/20 22:37:19.544480 peer_msg_handler.go:287: [0;36m[debug] [region 1] 4 handle raft message MsgRequestVote from 5 to 4[0m
2025/12/20 22:37:19.544498 peer_msg_handler.go:335: [0;36m[debug] [region 1] handle raft message region_id:1 from_peer:<id:5 store_id:5 > to_peer:<id:4 store_id:4 > message:<msg_type:MsgRequestVote to:4 from:5 term:6 index:5 > region_epoch:<conf_ver:1 version:1 >  from 5 to 4[0m
2025/12/20 22:37:19.545069 peer.go:373: [0;36m[debug] [region 1] 2, send raft msg MsgRequestVoteResponse from {2 2 {} [] 0} to id:1 store_id:1 [0m
2025/12/20 22:37:19.545111 peer.go:373: [0;36m[debug] [region 1] 2, send raft msg MsgRequestVoteResponse from {2 2 {} [] 0} to id:4 store_id:4 [0m
2025/12/20 22:37:19.545144 peer_msg_handler.go:287: [0;36m[debug] [region 1] 2 handle raft message MsgRequestVote from 3 to 2[0m
2025/12/20 22:37:19.545167 peer_msg_handler.go:335: [0;36m[debug] [region 1] handle raft message region_id:1 from_peer:<id:3 store_id:3 > to_peer:<id:2 store_id:2 > message:<msg_type:MsgRequestVote to:2 from:3 term:6 index:5 > region_epoch:<conf_ver:1 version:1 >  from 3 to 2[0m
2025/12/20 22:37:19.545174 peer_msg_handler.go:287: [0;36m[debug] [region 1] 2 handle raft message MsgRequestVote from 5 to 2[0m
2025/12/20 22:37:19.545189 peer_msg_handler.go:335: [0;36m[debug] [region 1] handle raft message region_id:1 from_peer:<id:5 store_id:5 > to_peer:<id:2 store_id:2 > message:<msg_type:MsgRequestVote to:2 from:5 term:6 index:5 > region_epoch:<conf_ver:1 version:1 >  from 5 to 2[0m
2025/12/20 22:37:19.545217 peer_msg_handler.go:287: [0;36m[debug] [region 1] 2 handle raft message MsgRequestVoteResponse from 4 to 2[0m
2025/12/20 22:37:19.545237 peer_msg_handler.go:335: [0;36m[debug] [region 1] handle raft message region_id:1 from_peer:<id:4 store_id:4 > to_peer:<id:2 store_id:2 > message:<msg_type:MsgRequestVoteResponse to:2 from:4 term:6 reject:true > region_epoch:<conf_ver:1 version:1 >  from 4 to 2[0m
2025/12/20 22:37:19.545620 peer.go:373: [0;36m[debug] [region 1] 1, send raft msg MsgRequestVoteResponse from {1 1 {} [] 0} to id:2 store_id:2 [0m
2025/12/20 22:37:19.545666 peer.go:373: [0;36m[debug] [region 1] 1, send raft msg MsgRequestVoteResponse from {1 1 {} [] 0} to id:4 store_id:4 [0m
2025/12/20 22:37:19.545674 peer_msg_handler.go:287: [0;36m[debug] [region 1] 1 handle raft message MsgRequestVote from 3 to 1[0m
2025/12/20 22:37:19.545691 peer_msg_handler.go:335: [0;36m[debug] [region 1] handle raft message region_id:1 from_peer:<id:3 store_id:3 > to_peer:<id:1 store_id:1 > message:<msg_type:MsgRequestVote to:1 from:3 term:6 index:5 > region_epoch:<conf_ver:1 version:1 >  from 3 to 1[0m
2025/12/20 22:37:19.545696 peer_msg_handler.go:287: [0;36m[debug] [region 1] 1 handle raft message MsgRequestVote from 5 to 1[0m
2025/12/20 22:37:19.545725 peer_msg_handler.go:335: [0;36m[debug] [region 1] handle raft message region_id:1 from_peer:<id:5 store_id:5 > to_peer:<id:1 store_id:1 > message:<msg_type:MsgRequestVote to:1 from:5 term:6 index:5 > region_epoch:<conf_ver:1 version:1 >  from 5 to 1[0m
2025/12/20 22:37:19.545735 peer_msg_handler.go:287: [0;36m[debug] [region 1] 1 handle raft message MsgRequestVoteResponse from 2 to 1[0m
2025/12/20 22:37:19.545754 peer_msg_handler.go:335: [0;36m[debug] [region 1] handle raft message region_id:1 from_peer:<id:2 store_id:2 > to_peer:<id:1 store_id:1 > message:<msg_type:MsgRequestVoteResponse to:1 from:2 term:6 reject:true > region_epoch:<conf_ver:1 version:1 >  from 2 to 1[0m
2025/12/20 22:37:19.546313 peer.go:373: [0;36m[debug] [region 1] 5, send raft msg MsgRequestVoteResponse from {5 5 {} [] 0} to id:2 store_id:2 [0m
2025/12/20 22:37:19.546351 peer.go:373: [0;36m[debug] [region 1] 5, send raft msg MsgRequestVoteResponse from {5 5 {} [] 0} to id:4 store_id:4 [0m
2025/12/20 22:37:19.546359 peer.go:373: [0;36m[debug] [region 1] 5, send raft msg MsgRequestVoteResponse from {5 5 {} [] 0} to id:1 store_id:1 [0m
2025/12/20 22:37:19.546366 peer.go:373: [0;36m[debug] [region 1] 5, send raft msg MsgRequestVoteResponse from {5 5 {} [] 0} to id:3 store_id:3 [0m
2025/12/20 22:37:19.546940 peer.go:373: [0;36m[debug] [region 1] 4, send raft msg MsgRequestVoteResponse from {4 4 {} [] 0} to id:1 store_id:1 [0m
2025/12/20 22:37:19.546975 peer.go:373: [0;36m[debug] [region 1] 4, send raft msg MsgRequestVoteResponse from {4 4 {} [] 0} to id:3 store_id:3 [0m
2025/12/20 22:37:19.546975 peer.go:373: [0;36m[debug] [region 1] 2, send raft msg MsgRequestVoteResponse from {2 2 {} [] 0} to id:3 store_id:3 [0m
2025/12/20 22:37:19.546992 peer.go:373: [0;36m[debug] [region 1] 2, send raft msg MsgRequestVoteResponse from {2 2 {} [] 0} to id:5 store_id:5 [0m
2025/12/20 22:37:19.546982 peer.go:373: [0;36m[debug] [region 1] 4, send raft msg MsgRequestVoteResponse from {4 4 {} [] 0} to id:5 store_id:5 [0m
2025/12/20 22:37:19.546999 peer_msg_handler.go:287: [0;36m[debug] [region 1] 2 handle raft message MsgRequestVoteResponse from 1 to 2[0m
2025/12/20 22:37:19.547007 peer_msg_handler.go:287: [0;36m[debug] [region 1] 4 handle raft message MsgRequestVoteResponse from 2 to 4[0m
2025/12/20 22:37:19.547027 peer_msg_handler.go:335: [0;36m[debug] [region 1] handle raft message region_id:1 from_peer:<id:2 store_id:2 > to_peer:<id:4 store_id:4 > message:<msg_type:MsgRequestVoteResponse to:4 from:2 term:6 reject:true > region_epoch:<conf_ver:1 version:1 >  from 2 to 4[0m
2025/12/20 22:37:19.547026 peer_msg_handler.go:335: [0;36m[debug] [region 1] handle raft message region_id:1 from_peer:<id:1 store_id:1 > to_peer:<id:2 store_id:2 > message:<msg_type:MsgRequestVoteResponse to:2 from:1 term:6 reject:true > region_epoch:<conf_ver:1 version:1 >  from 1 to 2[0m
2025/12/20 22:37:19.547032 peer_msg_handler.go:287: [0;36m[debug] [region 1] 4 handle raft message MsgRequestVoteResponse from 1 to 4[0m
2025/12/20 22:37:19.547035 peer_msg_handler.go:287: [0;36m[debug] [region 1] 2 handle raft message MsgRequestVoteResponse from 5 to 2[0m
2025/12/20 22:37:19.547045 peer_msg_handler.go:335: [0;36m[debug] [region 1] handle raft message region_id:1 from_peer:<id:1 store_id:1 > to_peer:<id:4 store_id:4 > message:<msg_type:MsgRequestVoteResponse to:4 from:1 term:6 reject:true > region_epoch:<conf_ver:1 version:1 >  from 1 to 4[0m
2025/12/20 22:37:19.547072 peer.go:373: [0;36m[debug] [region 1] 1, send raft msg MsgRequestVoteResponse from {1 1 {} [] 0} to id:3 store_id:3 [0m
2025/12/20 22:37:19.547077 peer_msg_handler.go:287: [0;36m[debug] [region 1] 4 handle raft message MsgRequestVoteResponse from 5 to 4[0m
2025/12/20 22:37:19.547079 peer.go:373: [0;36m[debug] [region 1] 1, send raft msg MsgRequestVoteResponse from {1 1 {} [] 0} to id:5 store_id:5 [0m
2025/12/20 22:37:19.547084 peer_msg_handler.go:287: [0;36m[debug] [region 1] 1 handle raft message MsgRequestVoteResponse from 5 to 1[0m
2025/12/20 22:37:19.546946 peer.go:373: [0;36m[debug] [region 1] 3, send raft msg MsgRequestVoteResponse from {3 3 {} [] 0} to id:2 store_id:2 [0m
2025/12/20 22:37:19.547096 peer_msg_handler.go:335: [0;36m[debug] [region 1] handle raft message region_id:1 from_peer:<id:5 store_id:5 > to_peer:<id:1 store_id:1 > message:<msg_type:MsgRequestVoteResponse to:1 from:5 term:6 reject:true > region_epoch:<conf_ver:1 version:1 >  from 5 to 1[0m
2025/12/20 22:37:19.547101 peer_msg_handler.go:287: [0;36m[debug] [region 1] 1 handle raft message MsgRequestVoteResponse from 4 to 1[0m
2025/12/20 22:37:19.547092 peer_msg_handler.go:335: [0;36m[debug] [region 1] handle raft message region_id:1 from_peer:<id:5 store_id:5 > to_peer:<id:4 store_id:4 > message:<msg_type:MsgRequestVoteResponse to:4 from:5 term:6 reject:true > region_epoch:<conf_ver:1 version:1 >  from 5 to 4[0m
2025/12/20 22:37:19.547113 peer_msg_handler.go:335: [0;36m[debug] [region 1] handle raft message region_id:1 from_peer:<id:4 store_id:4 > to_peer:<id:1 store_id:1 > message:<msg_type:MsgRequestVoteResponse to:1 from:4 term:6 reject:true > region_epoch:<conf_ver:1 version:1 >  from 4 to 1[0m
2025/12/20 22:37:19.547127 peer.go:373: [0;36m[debug] [region 1] 3, send raft msg MsgRequestVoteResponse from {3 3 {} [] 0} to id:4 store_id:4 [0m
2025/12/20 22:37:19.547137 peer.go:373: [0;36m[debug] [region 1] 3, send raft msg MsgRequestVoteResponse from {3 3 {} [] 0} to id:1 store_id:1 [0m
2025/12/20 22:37:19.547144 peer_msg_handler.go:287: [0;36m[debug] [region 1] 3 handle raft message MsgRequestVote from 5 to 3[0m
2025/12/20 22:37:19.547049 peer_msg_handler.go:335: [0;36m[debug] [region 1] handle raft message region_id:1 from_peer:<id:5 store_id:5 > to_peer:<id:2 store_id:2 > message:<msg_type:MsgRequestVoteResponse to:2 from:5 term:6 reject:true > region_epoch:<conf_ver:1 version:1 >  from 5 to 2[0m
2025/12/20 22:37:19.547160 peer_msg_handler.go:335: [0;36m[debug] [region 1] handle raft message region_id:1 from_peer:<id:5 store_id:5 > to_peer:<id:3 store_id:3 > message:<msg_type:MsgRequestVote to:3 from:5 term:6 index:5 > region_epoch:<conf_ver:1 version:1 >  from 5 to 3[0m
2025/12/20 22:37:19.547406 peer_msg_handler.go:287: [0;36m[debug] [region 1] 3 handle raft message MsgRequestVoteResponse from 5 to 3[0m
2025/12/20 22:37:19.547428 peer_msg_handler.go:335: [0;36m[debug] [region 1] handle raft message region_id:1 from_peer:<id:5 store_id:5 > to_peer:<id:3 store_id:3 > message:<msg_type:MsgRequestVoteResponse to:3 from:5 term:6 reject:true > region_epoch:<conf_ver:1 version:1 >  from 5 to 3[0m
2025/12/20 22:37:19.547433 peer_msg_handler.go:287: [0;36m[debug] [region 1] 3 handle raft message MsgRequestVoteResponse from 4 to 3[0m
2025/12/20 22:37:19.547445 peer_msg_handler.go:335: [0;36m[debug] [region 1] handle raft message region_id:1 from_peer:<id:4 store_id:4 > to_peer:<id:3 store_id:3 > message:<msg_type:MsgRequestVoteResponse to:3 from:4 term:6 reject:true > region_epoch:<conf_ver:1 version:1 >  from 4 to 3[0m
2025/12/20 22:37:19.547449 peer_msg_handler.go:287: [0;36m[debug] [region 1] 3 handle raft message MsgRequestVoteResponse from 2 to 3[0m
2025/12/20 22:37:19.547460 peer_msg_handler.go:335: [0;36m[debug] [region 1] handle raft message region_id:1 from_peer:<id:2 store_id:2 > to_peer:<id:3 store_id:3 > message:<msg_type:MsgRequestVoteResponse to:3 from:2 term:6 reject:true > region_epoch:<conf_ver:1 version:1 >  from 2 to 3[0m
2025/12/20 22:37:19.547464 peer_msg_handler.go:287: [0;36m[debug] [region 1] 3 handle raft message MsgRequestVoteResponse from 1 to 3[0m
2025/12/20 22:37:19.547475 peer_msg_handler.go:335: [0;36m[debug] [region 1] handle raft message region_id:1 from_peer:<id:1 store_id:1 > to_peer:<id:3 store_id:3 > message:<msg_type:MsgRequestVoteResponse to:3 from:1 term:6 reject:true > region_epoch:<conf_ver:1 version:1 >  from 1 to 3[0m
2025/12/20 22:37:19.547054 peer_msg_handler.go:287: [0;36m[debug] [region 1] 5 handle raft message MsgRequestVoteResponse from 2 to 5[0m
2025/12/20 22:37:19.547616 peer_msg_handler.go:335: [0;36m[debug] [region 1] handle raft message region_id:1 from_peer:<id:2 store_id:2 > to_peer:<id:5 store_id:5 > message:<msg_type:MsgRequestVoteResponse to:5 from:2 term:6 reject:true > region_epoch:<conf_ver:1 version:1 >  from 2 to 5[0m
2025/12/20 22:37:19.547643 peer_msg_handler.go:287: [0;36m[debug] [region 1] 5 handle raft message MsgRequestVoteResponse from 4 to 5[0m
2025/12/20 22:37:19.547658 peer_msg_handler.go:335: [0;36m[debug] [region 1] handle raft message region_id:1 from_peer:<id:4 store_id:4 > to_peer:<id:5 store_id:5 > message:<msg_type:MsgRequestVoteResponse to:5 from:4 term:6 reject:true > region_epoch:<conf_ver:1 version:1 >  from 4 to 5[0m
2025/12/20 22:37:19.547663 peer_msg_handler.go:287: [0;36m[debug] [region 1] 5 handle raft message MsgRequestVoteResponse from 1 to 5[0m
2025/12/20 22:37:19.547675 peer_msg_handler.go:335: [0;36m[debug] [region 1] handle raft message region_id:1 from_peer:<id:1 store_id:1 > to_peer:<id:5 store_id:5 > message:<msg_type:MsgRequestVoteResponse to:5 from:1 term:6 reject:true > region_epoch:<conf_ver:1 version:1 >  from 1 to 5[0m
2025/12/20 22:37:19.548786 peer_msg_handler.go:287: [0;36m[debug] [region 1] 4 handle raft message MsgRequestVoteResponse from 3 to 4[0m
2025/12/20 22:37:19.548843 peer_msg_handler.go:335: [0;36m[debug] [region 1] handle raft message region_id:1 from_peer:<id:3 store_id:3 > to_peer:<id:4 store_id:4 > message:<msg_type:MsgRequestVoteResponse to:4 from:3 term:6 reject:true > region_epoch:<conf_ver:1 version:1 >  from 3 to 4[0m
2025/12/20 22:37:19.549488 peer_msg_handler.go:287: [0;36m[debug] [region 1] 2 handle raft message MsgRequestVoteResponse from 3 to 2[0m
2025/12/20 22:37:19.549563 peer_msg_handler.go:335: [0;36m[debug] [region 1] handle raft message region_id:1 from_peer:<id:3 store_id:3 > to_peer:<id:2 store_id:2 > message:<msg_type:MsgRequestVoteResponse to:2 from:3 term:6 reject:true > region_epoch:<conf_ver:1 version:1 >  from 3 to 2[0m
2025/12/20 22:37:19.549500 peer.go:373: [0;36m[debug] [region 1] 3, send raft msg MsgRequestVoteResponse from {3 3 {} [] 0} to id:5 store_id:5 [0m
2025/12/20 22:37:19.549502 peer_msg_handler.go:287: [0;36m[debug] [region 1] 1 handle raft message MsgRequestVoteResponse from 3 to 1[0m
2025/12/20 22:37:19.549592 peer_msg_handler.go:335: [0;36m[debug] [region 1] handle raft message region_id:1 from_peer:<id:3 store_id:3 > to_peer:<id:1 store_id:1 > message:<msg_type:MsgRequestVoteResponse to:1 from:3 term:6 reject:true > region_epoch:<conf_ver:1 version:1 >  from 3 to 1[0m
2025/12/20 22:37:19.549641 peer_msg_handler.go:287: [0;36m[debug] [region 1] 5 handle raft message MsgRequestVoteResponse from 3 to 5[0m
2025/12/20 22:37:19.549838 peer_msg_handler.go:335: [0;36m[debug] [region 1] handle raft message region_id:1 from_peer:<id:3 store_id:3 > to_peer:<id:5 store_id:5 > message:<msg_type:MsgRequestVoteResponse to:5 from:3 term:6 reject:true > region_epoch:<conf_ver:1 version:1 >  from 3 to 5[0m
2025/12/20 22:37:20.042010 peer.go:373: [0;36m[debug] [region 1] 3, send raft msg MsgRequestVote from {3 3 {} [] 0} to id:1 store_id:1 [0m
2025/12/20 22:37:20.042097 peer.go:373: [0;36m[debug] [region 1] 3, send raft msg MsgRequestVote from {3 3 {} [] 0} to id:2 store_id:2 [0m
2025/12/20 22:37:20.042109 peer.go:373: [0;36m[debug] [region 1] 3, send raft msg MsgRequestVote from {3 3 {} [] 0} to id:4 store_id:4 [0m
2025/12/20 22:37:20.042118 peer.go:373: [0;36m[debug] [region 1] 3, send raft msg MsgRequestVote from {3 3 {} [] 0} to id:5 store_id:5 [0m
2025/12/20 22:37:20.042131 peer_msg_handler.go:287: [0;36m[debug] [region 1] 5 handle raft message MsgRequestVote from 3 to 5[0m
2025/12/20 22:37:20.042160 peer_msg_handler.go:335: [0;36m[debug] [region 1] handle raft message region_id:1 from_peer:<id:3 store_id:3 > to_peer:<id:5 store_id:5 > message:<msg_type:MsgRequestVote to:5 from:3 term:7 index:5 > region_epoch:<conf_ver:1 version:1 >  from 3 to 5[0m
2025/12/20 22:37:20.042355 peer_msg_handler.go:287: [0;36m[debug] [region 1] 2 handle raft message MsgRequestVote from 3 to 2[0m
2025/12/20 22:37:20.042471 peer_msg_handler.go:335: [0;36m[debug] [region 1] handle raft message region_id:1 from_peer:<id:3 store_id:3 > to_peer:<id:2 store_id:2 > message:<msg_type:MsgRequestVote to:2 from:3 term:7 index:5 > region_epoch:<conf_ver:1 version:1 >  from 3 to 2[0m
2025/12/20 22:37:20.042487 peer_msg_handler.go:287: [0;36m[debug] [region 1] 1 handle raft message MsgRequestVote from 3 to 1[0m
2025/12/20 22:37:20.042611 peer_msg_handler.go:335: [0;36m[debug] [region 1] handle raft message region_id:1 from_peer:<id:3 store_id:3 > to_peer:<id:1 store_id:1 > message:<msg_type:MsgRequestVote to:1 from:3 term:7 index:5 > region_epoch:<conf_ver:1 version:1 >  from 3 to 1[0m
2025/12/20 22:37:20.042675 peer_msg_handler.go:287: [0;36m[debug] [region 1] 4 handle raft message MsgRequestVote from 3 to 4[0m
2025/12/20 22:37:20.042782 peer_msg_handler.go:335: [0;36m[debug] [region 1] handle raft message region_id:1 from_peer:<id:3 store_id:3 > to_peer:<id:4 store_id:4 > message:<msg_type:MsgRequestVote to:4 from:3 term:7 index:5 > region_epoch:<conf_ver:1 version:1 >  from 3 to 4[0m
2025/12/20 22:37:20.044795 peer.go:373: [0;36m[debug] [region 1] 5, send raft msg MsgRequestVoteResponse from {5 5 {} [] 0} to id:3 store_id:3 [0m
2025/12/20 22:37:20.044862 peer_msg_handler.go:287: [0;36m[debug] [region 1] 3 handle raft message MsgRequestVoteResponse from 5 to 3[0m
2025/12/20 22:37:20.044907 peer_msg_handler.go:335: [0;36m[debug] [region 1] handle raft message region_id:1 from_peer:<id:5 store_id:5 > to_peer:<id:3 store_id:3 > message:<msg_type:MsgRequestVoteResponse to:3 from:5 term:7 > region_epoch:<conf_ver:1 version:1 >  from 5 to 3[0m
2025/12/20 22:37:20.045389 peer.go:373: [0;36m[debug] [region 1] 2, send raft msg MsgRequestVoteResponse from {2 2 {} [] 0} to id:3 store_id:3 [0m
2025/12/20 22:37:20.045482 peer_msg_handler.go:287: [0;36m[debug] [region 1] 3 handle raft message MsgRequestVoteResponse from 2 to 3[0m
2025/12/20 22:37:20.045509 peer_msg_handler.go:335: [0;36m[debug] [region 1] handle raft message region_id:1 from_peer:<id:2 store_id:2 > to_peer:<id:3 store_id:3 > message:<msg_type:MsgRequestVoteResponse to:3 from:2 term:7 > region_epoch:<conf_ver:1 version:1 >  from 2 to 3[0m
2025/12/20 22:37:20.045518 states.go:28: [0;37m[info] [7] S3 becomeLeader [0m
2025/12/20 22:37:20.045595 peer.go:373: [0;36m[debug] [region 1] 1, send raft msg MsgRequestVoteResponse from {1 1 {} [] 0} to id:3 store_id:3 [0m
2025/12/20 22:37:20.045767 peer.go:373: [0;36m[debug] [region 1] 4, send raft msg MsgRequestVoteResponse from {4 4 {} [] 0} to id:3 store_id:3 [0m
2025/12/20 22:37:20.047503 peer.go:373: [0;36m[debug] [region 1] 3, send raft msg MsgAppend from {3 3 {} [] 0} to id:1 store_id:1 [0m
2025/12/20 22:37:20.047553 peer.go:373: [0;36m[debug] [region 1] 3, send raft msg MsgAppend from {3 3 {} [] 0} to id:2 store_id:2 [0m
2025/12/20 22:37:20.047561 peer.go:373: [0;36m[debug] [region 1] 3, send raft msg MsgAppend from {3 3 {} [] 0} to id:4 store_id:4 [0m
2025/12/20 22:37:20.047569 peer.go:373: [0;36m[debug] [region 1] 3, send raft msg MsgAppend from {3 3 {} [] 0} to id:5 store_id:5 [0m
2025/12/20 22:37:20.047577 peer_msg_handler.go:287: [0;36m[debug] [region 1] 3 handle raft message MsgRequestVoteResponse from 1 to 3[0m
2025/12/20 22:37:20.047599 peer_msg_handler.go:335: [0;36m[debug] [region 1] handle raft message region_id:1 from_peer:<id:1 store_id:1 > to_peer:<id:3 store_id:3 > message:<msg_type:MsgRequestVoteResponse to:3 from:1 term:7 > region_epoch:<conf_ver:1 version:1 >  from 1 to 3[0m
2025/12/20 22:37:20.047639 peer_msg_handler.go:287: [0;36m[debug] [region 1] 3 handle raft message MsgRequestVoteResponse from 4 to 3[0m
2025/12/20 22:37:20.047663 peer_msg_handler.go:287: [0;36m[debug] [region 1] 1 handle raft message MsgAppend from 3 to 1[0m
2025/12/20 22:37:20.047691 peer_msg_handler.go:335: [0;36m[debug] [region 1] handle raft message region_id:1 from_peer:<id:4 store_id:4 > to_peer:<id:3 store_id:3 > message:<msg_type:MsgRequestVoteResponse to:3 from:4 term:7 > region_epoch:<conf_ver:1 version:1 >  from 4 to 3[0m
2025/12/20 22:37:20.047647 peer_msg_handler.go:287: [0;36m[debug] [region 1] 2 handle raft message MsgAppend from 3 to 2[0m
2025/12/20 22:37:20.047743 peer_msg_handler.go:335: [0;36m[debug] [region 1] handle raft message region_id:1 from_peer:<id:3 store_id:3 > to_peer:<id:2 store_id:2 > message:<msg_type:MsgAppend to:2 from:3 term:7 index:5 entries:<term:7 index:6 > commit:5 > region_epoch:<conf_ver:1 version:1 >  from 3 to 2[0m
2025/12/20 22:37:20.047750 peer_msg_handler.go:335: [0;36m[debug] [region 1] handle raft message region_id:1 from_peer:<id:3 store_id:3 > to_peer:<id:1 store_id:1 > message:<msg_type:MsgAppend to:1 from:3 term:7 index:5 entries:<term:7 index:6 > commit:5 > region_epoch:<conf_ver:1 version:1 >  from 3 to 1[0m
2025/12/20 22:37:20.047730 peer_msg_handler.go:287: [0;36m[debug] [region 1] 4 handle raft message MsgAppend from 3 to 4[0m
2025/12/20 22:37:20.047796 peer_msg_handler.go:335: [0;36m[debug] [region 1] handle raft message region_id:1 from_peer:<id:3 store_id:3 > to_peer:<id:4 store_id:4 > message:<msg_type:MsgAppend to:4 from:3 term:7 index:5 entries:<term:7 index:6 > commit:5 > region_epoch:<conf_ver:1 version:1 >  from 3 to 4[0m
2025/12/20 22:37:20.047889 peer_msg_handler.go:287: [0;36m[debug] [region 1] 5 handle raft message MsgAppend from 3 to 5[0m
2025/12/20 22:37:20.048021 peer_msg_handler.go:335: [0;36m[debug] [region 1] handle raft message region_id:1 from_peer:<id:3 store_id:3 > to_peer:<id:5 store_id:5 > message:<msg_type:MsgAppend to:5 from:3 term:7 index:5 entries:<term:7 index:6 > commit:5 > region_epoch:<conf_ver:1 version:1 >  from 3 to 5[0m
2025/12/20 22:37:20.050403 peer.go:373: [0;36m[debug] [region 1] 5, send raft msg MsgAppendResponse from {5 5 {} [] 0} to id:3 store_id:3 [0m
2025/12/20 22:37:20.050435 peer.go:373: [0;36m[debug] [region 1] 2, send raft msg MsgAppendResponse from {2 2 {} [] 0} to id:3 store_id:3 [0m
2025/12/20 22:37:20.050443 peer.go:373: [0;36m[debug] [region 1] 1, send raft msg MsgAppendResponse from {1 1 {} [] 0} to id:3 store_id:3 [0m
2025/12/20 22:37:20.050457 peer_msg_handler.go:287: [0;36m[debug] [region 1] 3 handle raft message MsgAppendResponse from 5 to 3[0m
2025/12/20 22:37:20.050511 peer_msg_handler.go:335: [0;36m[debug] [region 1] handle raft message region_id:1 from_peer:<id:5 store_id:5 > to_peer:<id:3 store_id:3 > message:<msg_type:MsgAppendResponse to:3 from:5 term:7 index:6 > region_epoch:<conf_ver:1 version:1 >  from 5 to 3[0m
2025/12/20 22:37:20.050521 peer_msg_handler.go:287: [0;36m[debug] [region 1] 3 handle raft message MsgAppendResponse from 2 to 3[0m
2025/12/20 22:37:20.050539 peer_msg_handler.go:335: [0;36m[debug] [region 1] handle raft message region_id:1 from_peer:<id:2 store_id:2 > to_peer:<id:3 store_id:3 > message:<msg_type:MsgAppendResponse to:3 from:2 term:7 index:6 > region_epoch:<conf_ver:1 version:1 >  from 2 to 3[0m
2025/12/20 22:37:20.050549 peer_msg_handler.go:287: [0;36m[debug] [region 1] 3 handle raft message MsgAppendResponse from 1 to 3[0m
2025/12/20 22:37:20.050565 peer_msg_handler.go:335: [0;36m[debug] [region 1] handle raft message region_id:1 from_peer:<id:1 store_id:1 > to_peer:<id:3 store_id:3 > message:<msg_type:MsgAppendResponse to:3 from:1 term:7 index:6 > region_epoch:<conf_ver:1 version:1 >  from 1 to 3[0m
2025/12/20 22:37:20.050628 peer.go:373: [0;36m[debug] [region 1] 4, send raft msg MsgAppendResponse from {4 4 {} [] 0} to id:3 store_id:3 [0m
2025/12/20 22:37:20.052457 peer.go:373: [0;36m[debug] [region 1] 3, send raft msg MsgAppend from {3 3 {} [] 0} to id:1 store_id:1 [0m
2025/12/20 22:37:20.052531 peer.go:373: [0;36m[debug] [region 1] 3, send raft msg MsgAppend from {3 3 {} [] 0} to id:2 store_id:2 [0m
2025/12/20 22:37:20.052545 peer.go:373: [0;36m[debug] [region 1] 3, send raft msg MsgAppend from {3 3 {} [] 0} to id:4 store_id:4 [0m
2025/12/20 22:37:20.052555 peer.go:373: [0;36m[debug] [region 1] 3, send raft msg MsgAppend from {3 3 {} [] 0} to id:5 store_id:5 [0m
2025/12/20 22:37:20.052567 peer_msg_handler.go:287: [0;36m[debug] [region 1] 3 handle raft message MsgAppendResponse from 4 to 3[0m
2025/12/20 22:37:20.052600 peer_msg_handler.go:335: [0;36m[debug] [region 1] handle raft message region_id:1 from_peer:<id:4 store_id:4 > to_peer:<id:3 store_id:3 > message:<msg_type:MsgAppendResponse to:3 from:4 term:7 index:6 > region_epoch:<conf_ver:1 version:1 >  from 4 to 3[0m
2025/12/20 22:37:20.052645 peer_msg_handler.go:287: [0;36m[debug] [region 1] 5 handle raft message MsgAppend from 3 to 5[0m
2025/12/20 22:37:20.052693 peer_msg_handler.go:335: [0;36m[debug] [region 1] handle raft message region_id:1 from_peer:<id:3 store_id:3 > to_peer:<id:5 store_id:5 > message:<msg_type:MsgAppend to:5 from:3 term:7 log_term:7 index:6 commit:6 > region_epoch:<conf_ver:1 version:1 >  from 3 to 5[0m
2025/12/20 22:37:20.052723 peer_msg_handler.go:287: [0;36m[debug] [region 1] 2 handle raft message MsgAppend from 3 to 2[0m
2025/12/20 22:37:20.052844 peer_msg_handler.go:287: [0;36m[debug] [region 1] 4 handle raft message MsgAppend from 3 to 4[0m
2025/12/20 22:37:20.053007 peer_msg_handler.go:335: [0;36m[debug] [region 1] handle raft message region_id:1 from_peer:<id:3 store_id:3 > to_peer:<id:4 store_id:4 > message:<msg_type:MsgAppend to:4 from:3 term:7 index:5 entries:<term:7 index:6 > commit:6 > region_epoch:<conf_ver:1 version:1 >  from 3 to 4[0m
2025/12/20 22:37:20.052856 peer_msg_handler.go:335: [0;36m[debug] [region 1] handle raft message region_id:1 from_peer:<id:3 store_id:3 > to_peer:<id:2 store_id:2 > message:<msg_type:MsgAppend to:2 from:3 term:7 log_term:7 index:6 commit:6 > region_epoch:<conf_ver:1 version:1 >  from 3 to 2[0m
2025/12/20 22:37:20.052878 peer_msg_handler.go:287: [0;36m[debug] [region 1] 1 handle raft message MsgAppend from 3 to 1[0m
2025/12/20 22:37:20.053651 peer_msg_handler.go:335: [0;36m[debug] [region 1] handle raft message region_id:1 from_peer:<id:3 store_id:3 > to_peer:<id:1 store_id:1 > message:<msg_type:MsgAppend to:1 from:3 term:7 index:5 entries:<term:7 index:6 > commit:6 > region_epoch:<conf_ver:1 version:1 >  from 3 to 1[0m
2025/12/20 22:37:20.055458 peer.go:373: [0;36m[debug] [region 1] 5, send raft msg MsgAppendResponse from {5 5 {} [] 0} to id:3 store_id:3 [0m
2025/12/20 22:37:20.055566 peer_msg_handler.go:287: [0;36m[debug] [region 1] 3 handle raft message MsgAppendResponse from 5 to 3[0m
2025/12/20 22:37:20.055630 peer_msg_handler.go:335: [0;36m[debug] [region 1] handle raft message region_id:1 from_peer:<id:5 store_id:5 > to_peer:<id:3 store_id:3 > message:<msg_type:MsgAppendResponse to:3 from:5 term:7 index:6 > region_epoch:<conf_ver:1 version:1 >  from 5 to 3[0m
2025/12/20 22:37:20.056330 peer.go:373: [0;36m[debug] [region 1] 1, send raft msg MsgAppendResponse from {1 1 {} [] 0} to id:3 store_id:3 [0m
2025/12/20 22:37:20.056367 peer.go:373: [0;36m[debug] [region 1] 4, send raft msg MsgAppendResponse from {4 4 {} [] 0} to id:3 store_id:3 [0m
2025/12/20 22:37:20.056412 peer_msg_handler.go:287: [0;36m[debug] [region 1] 3 handle raft message MsgAppendResponse from 1 to 3[0m
2025/12/20 22:37:20.056527 peer_msg_handler.go:335: [0;36m[debug] [region 1] handle raft message region_id:1 from_peer:<id:1 store_id:1 > to_peer:<id:3 store_id:3 > message:<msg_type:MsgAppendResponse to:3 from:1 term:7 index:6 > region_epoch:<conf_ver:1 version:1 >  from 1 to 3[0m
2025/12/20 22:37:20.056558 peer_msg_handler.go:287: [0;36m[debug] [region 1] 3 handle raft message MsgAppendResponse from 4 to 3[0m
2025/12/20 22:37:20.056599 peer_msg_handler.go:335: [0;36m[debug] [region 1] handle raft message region_id:1 from_peer:<id:4 store_id:4 > to_peer:<id:3 store_id:3 > message:<msg_type:MsgAppendResponse to:3 from:4 term:7 index:6 > region_epoch:<conf_ver:1 version:1 >  from 4 to 3[0m
2025/12/20 22:37:20.056672 peer.go:373: [0;36m[debug] [region 1] 2, send raft msg MsgAppendResponse from {2 2 {} [] 0} to id:3 store_id:3 [0m
2025/12/20 22:37:20.056687 peer_msg_handler.go:287: [0;36m[debug] [region 1] 3 handle raft message MsgAppendResponse from 2 to 3[0m
2025/12/20 22:37:20.056734 peer_msg_handler.go:335: [0;36m[debug] [region 1] handle raft message region_id:1 from_peer:<id:2 store_id:2 > to_peer:<id:3 store_id:3 > message:<msg_type:MsgAppendResponse to:3 from:2 term:7 index:6 > region_epoch:<conf_ver:1 version:1 >  from 2 to 3[0m
2025/12/20 22:37:20.092567 peer.go:373: [0;36m[debug] [region 1] 3, send raft msg MsgHeartbeat from {3 3 {} [] 0} to id:1 store_id:1 [0m
2025/12/20 22:37:20.092688 peer.go:373: [0;36m[debug] [region 1] 3, send raft msg MsgHeartbeat from {3 3 {} [] 0} to id:2 store_id:2 [0m
2025/12/20 22:37:20.092706 peer.go:373: [0;36m[debug] [region 1] 3, send raft msg MsgHeartbeat from {3 3 {} [] 0} to id:4 store_id:4 [0m
2025/12/20 22:37:20.092719 peer.go:373: [0;36m[debug] [region 1] 3, send raft msg MsgHeartbeat from {3 3 {} [] 0} to id:5 store_id:5 [0m
2025/12/20 22:37:20.092737 peer_msg_handler.go:287: [0;36m[debug] [region 1] 5 handle raft message MsgHeartbeat from 3 to 5[0m
2025/12/20 22:37:20.092781 peer_msg_handler.go:335: [0;36m[debug] [region 1] handle raft message region_id:1 from_peer:<id:3 store_id:3 > to_peer:<id:5 store_id:5 > message:<msg_type:MsgHeartbeat to:5 from:3 term:7 commit:6 > region_epoch:<conf_ver:1 version:1 >  from 3 to 5[0m
2025/12/20 22:37:20.092833 peer_msg_handler.go:287: [0;36m[debug] [region 1] 2 handle raft message MsgHeartbeat from 3 to 2[0m
2025/12/20 22:37:20.092948 peer_msg_handler.go:287: [0;36m[debug] [region 1] 4 handle raft message MsgHeartbeat from 3 to 4[0m
2025/12/20 22:37:20.093113 peer_msg_handler.go:335: [0;36m[debug] [region 1] handle raft message region_id:1 from_peer:<id:3 store_id:3 > to_peer:<id:4 store_id:4 > message:<msg_type:MsgHeartbeat to:4 from:3 term:7 commit:6 > region_epoch:<conf_ver:1 version:1 >  from 3 to 4[0m
2025/12/20 22:37:20.092931 peer_msg_handler.go:335: [0;36m[debug] [region 1] handle raft message region_id:1 from_peer:<id:3 store_id:3 > to_peer:<id:2 store_id:2 > message:<msg_type:MsgHeartbeat to:2 from:3 term:7 commit:6 > region_epoch:<conf_ver:1 version:1 >  from 3 to 2[0m
2025/12/20 22:37:20.092984 peer_msg_handler.go:287: [0;36m[debug] [region 1] 1 handle raft message MsgHeartbeat from 3 to 1[0m
2025/12/20 22:37:20.093455 peer_msg_handler.go:335: [0;36m[debug] [region 1] handle raft message region_id:1 from_peer:<id:3 store_id:3 > to_peer:<id:1 store_id:1 > message:<msg_type:MsgHeartbeat to:1 from:3 term:7 commit:6 > region_epoch:<conf_ver:1 version:1 >  from 3 to 1[0m
2025/12/20 22:37:20.095628 peer.go:373: [0;36m[debug] [region 1] 5, send raft msg MsgHeartbeatResponse from {5 5 {} [] 0} to id:3 store_id:3 [0m
2025/12/20 22:37:20.095704 peer_msg_handler.go:287: [0;36m[debug] [region 1] 3 handle raft message MsgHeartbeatResponse from 5 to 3[0m
2025/12/20 22:37:20.095763 peer_msg_handler.go:335: [0;36m[debug] [region 1] handle raft message region_id:1 from_peer:<id:5 store_id:5 > to_peer:<id:3 store_id:3 > message:<msg_type:MsgHeartbeatResponse to:3 from:5 term:7 index:6 > region_epoch:<conf_ver:1 version:1 >  from 5 to 3[0m
2025/12/20 22:37:20.096721 peer.go:373: [0;36m[debug] [region 1] 1, send raft msg MsgHeartbeatResponse from {1 1 {} [] 0} to id:3 store_id:3 [0m
2025/12/20 22:37:20.096849 peer_msg_handler.go:287: [0;36m[debug] [region 1] 3 handle raft message MsgHeartbeatResponse from 1 to 3[0m
2025/12/20 22:37:20.096891 peer_msg_handler.go:335: [0;36m[debug] [region 1] handle raft message region_id:1 from_peer:<id:1 store_id:1 > to_peer:<id:3 store_id:3 > message:<msg_type:MsgHeartbeatResponse to:3 from:1 term:7 index:6 > region_epoch:<conf_ver:1 version:1 >  from 1 to 3[0m
2025/12/20 22:37:20.097079 peer.go:373: [0;36m[debug] [region 1] 4, send raft msg MsgHeartbeatResponse from {4 4 {} [] 0} to id:3 store_id:3 [0m
2025/12/20 22:37:20.097130 peer_msg_handler.go:287: [0;36m[debug] [region 1] 3 handle raft message MsgHeartbeatResponse from 4 to 3[0m
2025/12/20 22:37:20.097161 peer.go:373: [0;36m[debug] [region 1] 2, send raft msg MsgHeartbeatResponse from {2 2 {} [] 0} to id:3 store_id:3 [0m
2025/12/20 22:37:20.097170 peer_msg_handler.go:335: [0;36m[debug] [region 1] handle raft message region_id:1 from_peer:<id:4 store_id:4 > to_peer:<id:3 store_id:3 > message:<msg_type:MsgHeartbeatResponse to:3 from:4 term:7 index:6 > region_epoch:<conf_ver:1 version:1 >  from 4 to 3[0m
2025/12/20 22:37:20.097197 peer_msg_handler.go:287: [0;36m[debug] [region 1] 3 handle raft message MsgHeartbeatResponse from 2 to 3[0m
2025/12/20 22:37:20.097324 peer_msg_handler.go:335: [0;36m[debug] [region 1] handle raft message region_id:1 from_peer:<id:2 store_id:2 > to_peer:<id:3 store_id:3 > message:<msg_type:MsgHeartbeatResponse to:3 from:2 term:7 index:6 > region_epoch:<conf_ver:1 version:1 >  from 2 to 3[0m
2025/12/20 22:37:20.139889 split_checker.go:45: [0;36m[debug] executing split check worker.Task: [regionId: 1, startKey: , endKey: ][0m
2025/12/20 22:37:20.139991 split_checker.go:68: [0;36m[debug] no need to send, split key not found: [regionId: 1][0m
2025/12/20 22:37:20.146132 peer.go:373: [0;36m[debug] [region 1] 3, send raft msg MsgAppend from {3 3 {} [] 0} to id:1 store_id:1 [0m
2025/12/20 22:37:20.146214 peer.go:373: [0;36m[debug] [region 1] 3, send raft msg MsgAppend from {3 3 {} [] 0} to id:2 store_id:2 [0m
2025/12/20 22:37:20.146229 peer.go:373: [0;36m[debug] [region 1] 3, send raft msg MsgAppend from {3 3 {} [] 0} to id:4 store_id:4 [0m
2025/12/20 22:37:20.146326 peer.go:373: [0;36m[debug] [region 1] 3, send raft msg MsgAppend from {3 3 {} [] 0} to id:5 store_id:5 [0m
2025/12/20 22:37:20.146345 peer_msg_handler.go:287: [0;36m[debug] [region 1] 5 handle raft message MsgAppend from 3 to 5[0m
2025/12/20 22:37:20.146367 peer_msg_handler.go:287: [0;36m[debug] [region 1] 2 handle raft message MsgAppend from 3 to 2[0m
2025/12/20 22:37:20.146505 peer_msg_handler.go:287: [0;36m[debug] [region 1] 1 handle raft message MsgAppend from 3 to 1[0m
2025/12/20 22:37:20.146592 peer_msg_handler.go:335: [0;36m[debug] [region 1] handle raft message region_id:1 from_peer:<id:3 store_id:3 > to_peer:<id:2 store_id:2 > message:<msg_type:MsgAppend to:2 from:3 term:7 log_term:7 index:6 entries:<term:7 index:7 data:"\n\016\010\001\022\004\010\003\020\003\"\004\010\001\020\001\022\"\010\003\"\036\n\007default\022\n0 00000000\032\007x 0 0 y" > commit:6 > region_epoch:<conf_ver:1 version:1 >  from 3 to 2[0m
2025/12/20 22:37:20.146625 peer_msg_handler.go:335: [0;36m[debug] [region 1] handle raft message region_id:1 from_peer:<id:3 store_id:3 > to_peer:<id:1 store_id:1 > message:<msg_type:MsgAppend to:1 from:3 term:7 log_term:7 index:6 entries:<term:7 index:7 data:"\n\016\010\001\022\004\010\003\020\003\"\004\010\001\020\001\022\"\010\003\"\036\n\007default\022\n0 00000000\032\007x 0 0 y" > commit:6 > region_epoch:<conf_ver:1 version:1 >  from 3 to 1[0m
2025/12/20 22:37:20.146414 peer_msg_handler.go:335: [0;36m[debug] [region 1] handle raft message region_id:1 from_peer:<id:3 store_id:3 > to_peer:<id:5 store_id:5 > message:<msg_type:MsgAppend to:5 from:3 term:7 log_term:7 index:6 entries:<term:7 index:7 data:"\n\016\010\001\022\004\010\003\020\003\"\004\010\001\020\001\022\"\010\003\"\036\n\007default\022\n0 00000000\032\007x 0 0 y" > commit:6 > region_epoch:<conf_ver:1 version:1 >  from 3 to 5[0m
2025/12/20 22:37:20.146425 peer_msg_handler.go:287: [0;36m[debug] [region 1] 4 handle raft message MsgAppend from 3 to 4[0m
2025/12/20 22:37:20.147153 peer_msg_handler.go:335: [0;36m[debug] [region 1] handle raft message region_id:1 from_peer:<id:3 store_id:3 > to_peer:<id:4 store_id:4 > message:<msg_type:MsgAppend to:4 from:3 term:7 log_term:7 index:6 entries:<term:7 index:7 data:"\n\016\010\001\022\004\010\003\020\003\"\004\010\001\020\001\022\"\010\003\"\036\n\007default\022\n0 00000000\032\007x 0 0 y" > commit:6 > region_epoch:<conf_ver:1 version:1 >  from 3 to 4[0m
2025/12/20 22:37:20.149513 peer.go:373: [0;36m[debug] [region 1] 2, send raft msg MsgAppendResponse from {2 2 {} [] 0} to id:3 store_id:3 [0m
2025/12/20 22:37:20.149583 peer_msg_handler.go:287: [0;36m[debug] [region 1] 3 handle raft message MsgAppendResponse from 2 to 3[0m
2025/12/20 22:37:20.149616 peer_msg_handler.go:335: [0;36m[debug] [region 1] handle raft message region_id:1 from_peer:<id:2 store_id:2 > to_peer:<id:3 store_id:3 > message:<msg_type:MsgAppendResponse to:3 from:2 term:7 index:7 > region_epoch:<conf_ver:1 version:1 >  from 2 to 3[0m
2025/12/20 22:37:20.149857 peer.go:373: [0;36m[debug] [region 1] 5, send raft msg MsgAppendResponse from {5 5 {} [] 0} to id:3 store_id:3 [0m
2025/12/20 22:37:20.149891 peer.go:373: [0;36m[debug] [region 1] 1, send raft msg MsgAppendResponse from {1 1 {} [] 0} to id:3 store_id:3 [0m
2025/12/20 22:37:20.149869 peer.go:373: [0;36m[debug] [region 1] 4, send raft msg MsgAppendResponse from {4 4 {} [] 0} to id:3 store_id:3 [0m
2025/12/20 22:37:20.149976 peer_msg_handler.go:287: [0;36m[debug] [region 1] 3 handle raft message MsgAppendResponse from 1 to 3[0m
2025/12/20 22:37:20.150195 peer_msg_handler.go:335: [0;36m[debug] [region 1] handle raft message region_id:1 from_peer:<id:1 store_id:1 > to_peer:<id:3 store_id:3 > message:<msg_type:MsgAppendResponse to:3 from:1 term:7 index:7 > region_epoch:<conf_ver:1 version:1 >  from 1 to 3[0m
2025/12/20 22:37:20.153280 peer.go:373: [0;36m[debug] [region 1] 3, send raft msg MsgAppend from {3 3 {} [] 0} to id:1 store_id:1 [0m
2025/12/20 22:37:20.153378 peer.go:373: [0;36m[debug] [region 1] 3, send raft msg MsgAppend from {3 3 {} [] 0} to id:2 store_id:2 [0m
2025/12/20 22:37:20.153395 peer.go:373: [0;36m[debug] [region 1] 3, send raft msg MsgAppend from {3 3 {} [] 0} to id:4 store_id:4 [0m
2025/12/20 22:37:20.153406 peer.go:373: [0;36m[debug] [region 1] 3, send raft msg MsgAppend from {3 3 {} [] 0} to id:5 store_id:5 [0m
2025/12/20 22:37:20.153540 peer_msg_handler.go:287: [0;36m[debug] [region 1] 2 handle raft message MsgAppend from 3 to 2[0m
2025/12/20 22:37:20.153589 peer_msg_handler.go:287: [0;36m[debug] [region 1] 1 handle raft message MsgAppend from 3 to 1[0m
2025/12/20 22:37:20.153605 peer_msg_handler.go:287: [0;36m[debug] [region 1] 4 handle raft message MsgAppend from 3 to 4[0m
2025/12/20 22:37:20.153787 log.go:93: [0;36m[debug] [header:<region_id:1 peer:<id:3 store_id:3 > region_epoch:<conf_ver:1 version:1 > > requests:<cmd_type:Put put:<cf:"default" key:"0 00000000" value:"x 0 0 y" > > ]
[0m
2025/12/20 22:37:20.153869 peer_msg_handler.go:287: [0;36m[debug] [region 1] 5 handle raft message MsgAppend from 3 to 5[0m
2025/12/20 22:37:20.153937 peer_msg_handler.go:335: [0;36m[debug] [region 1] handle raft message region_id:1 from_peer:<id:3 store_id:3 > to_peer:<id:5 store_id:5 > message:<msg_type:MsgAppend to:5 from:3 term:7 log_term:7 index:6 entries:<term:7 index:7 data:"\n\016\010\001\022\004\010\003\020\003\"\004\010\001\020\001\022\"\010\003\"\036\n\007default\022\n0 00000000\032\007x 0 0 y" > commit:7 > region_epoch:<conf_ver:1 version:1 >  from 3 to 5[0m
2025/12/20 22:37:20.154094 peer_msg_handler.go:335: [0;36m[debug] [region 1] handle raft message region_id:1 from_peer:<id:3 store_id:3 > to_peer:<id:4 store_id:4 > message:<msg_type:MsgAppend to:4 from:3 term:7 log_term:7 index:6 entries:<term:7 index:7 data:"\n\016\010\001\022\004\010\003\020\003\"\004\010\001\020\001\022\"\010\003\"\036\n\007default\022\n0 00000000\032\007x 0 0 y" > commit:7 > region_epoch:<conf_ver:1 version:1 >  from 3 to 4[0m
2025/12/20 22:37:20.153853 peer_msg_handler.go:335: [0;36m[debug] [region 1] handle raft message region_id:1 from_peer:<id:3 store_id:3 > to_peer:<id:2 store_id:2 > message:<msg_type:MsgAppend to:2 from:3 term:7 log_term:7 index:7 commit:7 > region_epoch:<conf_ver:1 version:1 >  from 3 to 2[0m
2025/12/20 22:37:20.154294 peer_msg_handler.go:335: [0;36m[debug] [region 1] handle raft message region_id:1 from_peer:<id:3 store_id:3 > to_peer:<id:1 store_id:1 > message:<msg_type:MsgAppend to:1 from:3 term:7 log_term:7 index:7 commit:7 > region_epoch:<conf_ver:1 version:1 >  from 3 to 1[0m
2025/12/20 22:37:20.156759 peer.go:373: [0;36m[debug] [region 1] 5, send raft msg MsgAppendResponse from {5 5 {} [] 0} to id:3 store_id:3 [0m
2025/12/20 22:37:20.156916 log.go:93: [0;36m[debug] [header:<region_id:1 peer:<id:3 store_id:3 > region_epoch:<conf_ver:1 version:1 > > requests:<cmd_type:Put put:<cf:"default" key:"0 00000000" value:"x 0 0 y" > > ]
[0m
2025/12/20 22:37:20.157510 peer.go:373: [0;36m[debug] [region 1] 4, send raft msg MsgAppendResponse from {4 4 {} [] 0} to id:3 store_id:3 [0m
2025/12/20 22:37:20.157631 log.go:93: [0;36m[debug] [header:<region_id:1 peer:<id:3 store_id:3 > region_epoch:<conf_ver:1 version:1 > > requests:<cmd_type:Put put:<cf:"default" key:"0 00000000" value:"x 0 0 y" > > ]
[0m
2025/12/20 22:37:20.157488 peer_msg_handler.go:287: [0;36m[debug] [region 1] 3 handle raft message MsgAppendResponse from 5 to 3[0m
2025/12/20 22:37:20.157809 peer_msg_handler.go:335: [0;36m[debug] [region 1] handle raft message region_id:1 from_peer:<id:5 store_id:5 > to_peer:<id:3 store_id:3 > message:<msg_type:MsgAppendResponse to:3 from:5 term:7 index:7 > region_epoch:<conf_ver:1 version:1 >  from 5 to 3[0m
2025/12/20 22:37:20.157883 peer_msg_handler.go:287: [0;36m[debug] [region 1] 3 handle raft message MsgAppendResponse from 4 to 3[0m
2025/12/20 22:37:20.157915 peer_msg_handler.go:335: [0;36m[debug] [region 1] handle raft message region_id:1 from_peer:<id:4 store_id:4 > to_peer:<id:3 store_id:3 > message:<msg_type:MsgAppendResponse to:3 from:4 term:7 index:7 > region_epoch:<conf_ver:1 version:1 >  from 4 to 3[0m
2025/12/20 22:37:20.157903 peer.go:373: [0;36m[debug] [region 1] 1, send raft msg MsgAppendResponse from {1 1 {} [] 0} to id:3 store_id:3 [0m
2025/12/20 22:37:20.158012 peer_msg_handler.go:287: [0;36m[debug] [region 1] 3 handle raft message MsgAppendResponse from 5 to 3[0m
2025/12/20 22:37:20.158018 log.go:93: [0;36m[debug] [header:<region_id:1 peer:<id:3 store_id:3 > region_epoch:<conf_ver:1 version:1 > > requests:<cmd_type:Put put:<cf:"default" key:"0 00000000" value:"x 0 0 y" > > ]
[0m
2025/12/20 22:37:20.158049 peer_msg_handler.go:335: [0;36m[debug] [region 1] handle raft message region_id:1 from_peer:<id:5 store_id:5 > to_peer:<id:3 store_id:3 > message:<msg_type:MsgAppendResponse to:3 from:5 term:7 index:7 > region_epoch:<conf_ver:1 version:1 >  from 5 to 3[0m
2025/12/20 22:37:20.158553 peer.go:373: [0;36m[debug] [region 1] 2, send raft msg MsgAppendResponse from {2 2 {} [] 0} to id:3 store_id:3 [0m
2025/12/20 22:37:20.158663 log.go:93: [0;36m[debug] [header:<region_id:1 peer:<id:3 store_id:3 > region_epoch:<conf_ver:1 version:1 > > requests:<cmd_type:Put put:<cf:"default" key:"0 00000000" value:"x 0 0 y" > > ]
[0m
2025/12/20 22:37:20.161640 peer.go:373: [0;36m[debug] [region 1] 3, send raft msg MsgAppend from {3 3 {} [] 0} to id:1 store_id:1 [0m
2025/12/20 22:37:20.161737 peer.go:373: [0;36m[debug] [region 1] 3, send raft msg MsgAppend from {3 3 {} [] 0} to id:2 store_id:2 [0m
2025/12/20 22:37:20.161754 peer.go:373: [0;36m[debug] [region 1] 3, send raft msg MsgAppend from {3 3 {} [] 0} to id:4 store_id:4 [0m
2025/12/20 22:37:20.161767 peer.go:373: [0;36m[debug] [region 1] 3, send raft msg MsgAppend from {3 3 {} [] 0} to id:5 store_id:5 [0m
2025/12/20 22:37:20.161781 peer_msg_handler.go:287: [0;36m[debug] [region 1] 3 handle raft message MsgAppendResponse from 4 to 3[0m
2025/12/20 22:37:20.161829 peer_msg_handler.go:287: [0;36m[debug] [region 1] 4 handle raft message MsgAppend from 3 to 4[0m
2025/12/20 22:37:20.161872 peer_msg_handler.go:287: [0;36m[debug] [region 1] 1 handle raft message MsgAppend from 3 to 1[0m
2025/12/20 22:37:20.161906 peer_msg_handler.go:287: [0;36m[debug] [region 1] 5 handle raft message MsgAppend from 3 to 5[0m
2025/12/20 22:37:20.161954 peer_msg_handler.go:335: [0;36m[debug] [region 1] handle raft message region_id:1 from_peer:<id:3 store_id:3 > to_peer:<id:4 store_id:4 > message:<msg_type:MsgAppend to:4 from:3 term:7 log_term:7 index:7 entries:<term:7 index:8 data:"\n\016\010\001\022\004\010\003\020\003\"\004\010\001\020\001\022\004\010\0052\000" > commit:7 > region_epoch:<conf_ver:1 version:1 >  from 3 to 4[0m
2025/12/20 22:37:20.161989 peer_msg_handler.go:287: [0;36m[debug] [region 1] 2 handle raft message MsgAppend from 3 to 2[0m
2025/12/20 22:37:20.161957 peer_msg_handler.go:335: [0;36m[debug] [region 1] handle raft message region_id:1 from_peer:<id:3 store_id:3 > to_peer:<id:5 store_id:5 > message:<msg_type:MsgAppend to:5 from:3 term:7 log_term:7 index:7 entries:<term:7 index:8 data:"\n\016\010\001\022\004\010\003\020\003\"\004\010\001\020\001\022\004\010\0052\000" > commit:7 > region_epoch:<conf_ver:1 version:1 >  from 3 to 5[0m
2025/12/20 22:37:20.162325 peer_msg_handler.go:335: [0;36m[debug] [region 1] handle raft message region_id:1 from_peer:<id:3 store_id:3 > to_peer:<id:2 store_id:2 > message:<msg_type:MsgAppend to:2 from:3 term:7 log_term:7 index:7 entries:<term:7 index:8 data:"\n\016\010\001\022\004\010\003\020\003\"\004\010\001\020\001\022\004\010\0052\000" > commit:7 > region_epoch:<conf_ver:1 version:1 >  from 3 to 2[0m
2025/12/20 22:37:20.162006 peer_msg_handler.go:335: [0;36m[debug] [region 1] handle raft message region_id:1 from_peer:<id:3 store_id:3 > to_peer:<id:1 store_id:1 > message:<msg_type:MsgAppend to:1 from:3 term:7 log_term:7 index:7 entries:<term:7 index:8 data:"\n\016\010\001\022\004\010\003\020\003\"\004\010\001\020\001\022\004\010\0052\000" > commit:7 > region_epoch:<conf_ver:1 version:1 >  from 3 to 1[0m
2025/12/20 22:37:20.161882 peer_msg_handler.go:335: [0;36m[debug] [region 1] handle raft message region_id:1 from_peer:<id:4 store_id:4 > to_peer:<id:3 store_id:3 > message:<msg_type:MsgAppendResponse to:3 from:4 term:7 index:7 > region_epoch:<conf_ver:1 version:1 >  from 4 to 3[0m
2025/12/20 22:37:20.162835 peer_msg_handler.go:287: [0;36m[debug] [region 1] 3 handle raft message MsgAppendResponse from 1 to 3[0m
2025/12/20 22:37:20.162890 peer_msg_handler.go:335: [0;36m[debug] [region 1] handle raft message region_id:1 from_peer:<id:1 store_id:1 > to_peer:<id:3 store_id:3 > message:<msg_type:MsgAppendResponse to:3 from:1 term:7 index:7 > region_epoch:<conf_ver:1 version:1 >  from 1 to 3[0m
2025/12/20 22:37:20.162901 peer_msg_handler.go:287: [0;36m[debug] [region 1] 3 handle raft message MsgAppendResponse from 2 to 3[0m
2025/12/20 22:37:20.162927 peer_msg_handler.go:335: [0;36m[debug] [region 1] handle raft message region_id:1 from_peer:<id:2 store_id:2 > to_peer:<id:3 store_id:3 > message:<msg_type:MsgAppendResponse to:3 from:2 term:7 index:7 > region_epoch:<conf_ver:1 version:1 >  from 2 to 3[0m
2025/12/20 22:37:20.165110 peer.go:373: [0;36m[debug] [region 1] 4, send raft msg MsgAppendResponse from {4 4 {} [] 0} to id:3 store_id:3 [0m
2025/12/20 22:37:20.165236 peer_msg_handler.go:287: [0;36m[debug] [region 1] 3 handle raft message MsgAppendResponse from 4 to 3[0m
2025/12/20 22:37:20.165280 peer_msg_handler.go:335: [0;36m[debug] [region 1] handle raft message region_id:1 from_peer:<id:4 store_id:4 > to_peer:<id:3 store_id:3 > message:<msg_type:MsgAppendResponse to:3 from:4 term:7 index:8 > region_epoch:<conf_ver:1 version:1 >  from 4 to 3[0m
2025/12/20 22:37:20.166056 peer.go:373: [0;36m[debug] [region 1] 5, send raft msg MsgAppendResponse from {5 5 {} [] 0} to id:3 store_id:3 [0m
2025/12/20 22:37:20.166131 peer.go:373: [0;36m[debug] [region 1] 1, send raft msg MsgAppendResponse from {1 1 {} [] 0} to id:3 store_id:3 [0m
2025/12/20 22:37:20.166180 peer_msg_handler.go:287: [0;36m[debug] [region 1] 3 handle raft message MsgAppendResponse from 1 to 3[0m
2025/12/20 22:37:20.166073 peer.go:373: [0;36m[debug] [region 1] 2, send raft msg MsgAppendResponse from {2 2 {} [] 0} to id:3 store_id:3 [0m
2025/12/20 22:37:20.166222 peer_msg_handler.go:335: [0;36m[debug] [region 1] handle raft message region_id:1 from_peer:<id:1 store_id:1 > to_peer:<id:3 store_id:3 > message:<msg_type:MsgAppendResponse to:3 from:1 term:7 index:8 > region_epoch:<conf_ver:1 version:1 >  from 1 to 3[0m
2025/12/20 22:37:20.169211 peer.go:373: [0;36m[debug] [region 1] 3, send raft msg MsgAppend from {3 3 {} [] 0} to id:1 store_id:1 [0m
2025/12/20 22:37:20.169323 peer.go:373: [0;36m[debug] [region 1] 3, send raft msg MsgAppend from {3 3 {} [] 0} to id:2 store_id:2 [0m
2025/12/20 22:37:20.169340 peer.go:373: [0;36m[debug] [region 1] 3, send raft msg MsgAppend from {3 3 {} [] 0} to id:4 store_id:4 [0m
2025/12/20 22:37:20.169352 peer.go:373: [0;36m[debug] [region 1] 3, send raft msg MsgAppend from {3 3 {} [] 0} to id:5 store_id:5 [0m
2025/12/20 22:37:20.169456 log.go:93: [0;36m[debug] [header:<region_id:1 peer:<id:3 store_id:3 > region_epoch:<conf_ver:1 version:1 > > requests:<cmd_type:Snap snap:<> > ]
[0m
2025/12/20 22:37:20.169449 peer_msg_handler.go:287: [0;36m[debug] [region 1] 1 handle raft message MsgAppend from 3 to 1[0m
2025/12/20 22:37:20.169577 peer_msg_handler.go:335: [0;36m[debug] [region 1] handle raft message region_id:1 from_peer:<id:3 store_id:3 > to_peer:<id:1 store_id:1 > message:<msg_type:MsgAppend to:1 from:3 term:7 log_term:7 index:8 commit:8 > region_epoch:<conf_ver:1 version:1 >  from 3 to 1[0m
2025/12/20 22:37:20.169670 peer_msg_handler.go:287: [0;36m[debug] [region 1] 4 handle raft message MsgAppend from 3 to 4[0m
2025/12/20 22:37:20.169748 peer_msg_handler.go:287: [0;36m[debug] [region 1] 5 handle raft message MsgAppend from 3 to 5[0m
2025/12/20 22:37:20.169869 peer_msg_handler.go:335: [0;36m[debug] [region 1] handle raft message region_id:1 from_peer:<id:3 store_id:3 > to_peer:<id:4 store_id:4 > message:<msg_type:MsgAppend to:4 from:3 term:7 log_term:7 index:8 commit:8 > region_epoch:<conf_ver:1 version:1 >  from 3 to 4[0m
2025/12/20 22:37:20.169941 peer_msg_handler.go:335: [0;36m[debug] [region 1] handle raft message region_id:1 from_peer:<id:3 store_id:3 > to_peer:<id:5 store_id:5 > message:<msg_type:MsgAppend to:5 from:3 term:7 log_term:7 index:7 entries:<term:7 index:8 data:"\n\016\010\001\022\004\010\003\020\003\"\004\010\001\020\001\022\004\010\0052\000" > commit:8 > region_epoch:<conf_ver:1 version:1 >  from 3 to 5[0m
2025/12/20 22:37:20.169953 peer_msg_handler.go:287: [0;36m[debug] [region 1] 2 handle raft message MsgAppend from 3 to 2[0m
2025/12/20 22:37:20.170068 peer_msg_handler.go:335: [0;36m[debug] [region 1] handle raft message region_id:1 from_peer:<id:3 store_id:3 > to_peer:<id:2 store_id:2 > message:<msg_type:MsgAppend to:2 from:3 term:7 log_term:7 index:7 entries:<term:7 index:8 data:"\n\016\010\001\022\004\010\003\020\003\"\004\010\001\020\001\022\004\010\0052\000" > commit:8 > region_epoch:<conf_ver:1 version:1 >  from 3 to 2[0m
2025/12/20 22:37:20.172295 peer_msg_handler.go:287: [0;36m[debug] [region 1] 3 handle raft message MsgAppendResponse from 5 to 3[0m
2025/12/20 22:37:20.172412 peer_msg_handler.go:335: [0;36m[debug] [region 1] handle raft message region_id:1 from_peer:<id:5 store_id:5 > to_peer:<id:3 store_id:3 > message:<msg_type:MsgAppendResponse to:3 from:5 term:7 index:8 > region_epoch:<conf_ver:1 version:1 >  from 5 to 3[0m
2025/12/20 22:37:20.172428 peer_msg_handler.go:287: [0;36m[debug] [region 1] 3 handle raft message MsgAppendResponse from 2 to 3[0m
2025/12/20 22:37:20.172457 peer_msg_handler.go:335: [0;36m[debug] [region 1] handle raft message region_id:1 from_peer:<id:2 store_id:2 > to_peer:<id:3 store_id:3 > message:<msg_type:MsgAppendResponse to:3 from:2 term:7 index:8 > region_epoch:<conf_ver:1 version:1 >  from 2 to 3[0m
2025/12/20 22:37:20.172797 peer.go:373: [0;36m[debug] [region 1] 1, send raft msg MsgAppendResponse from {1 1 {} [] 0} to id:3 store_id:3 [0m
2025/12/20 22:37:20.172965 log.go:93: [0;36m[debug] [header:<region_id:1 peer:<id:3 store_id:3 > region_epoch:<conf_ver:1 version:1 > > requests:<cmd_type:Snap snap:<> > ]
[0m
2025/12/20 22:37:20.173448 peer.go:373: [0;36m[debug] [region 1] 2, send raft msg MsgAppendResponse from {2 2 {} [] 0} to id:3 store_id:3 [0m
2025/12/20 22:37:20.173616 log.go:93: [0;36m[debug] [header:<region_id:1 peer:<id:3 store_id:3 > region_epoch:<conf_ver:1 version:1 > > requests:<cmd_type:Snap snap:<> > ]
[0m
2025/12/20 22:37:20.173470 peer.go:373: [0;36m[debug] [region 1] 4, send raft msg MsgAppendResponse from {4 4 {} [] 0} to id:3 store_id:3 [0m
2025/12/20 22:37:20.174004 log.go:93: [0;36m[debug] [header:<region_id:1 peer:<id:3 store_id:3 > region_epoch:<conf_ver:1 version:1 > > requests:<cmd_type:Snap snap:<> > ]
[0m
2025/12/20 22:37:20.174629 peer.go:373: [0;36m[debug] [region 1] 5, send raft msg MsgAppendResponse from {5 5 {} [] 0} to id:3 store_id:3 [0m
2025/12/20 22:37:20.174786 log.go:93: [0;36m[debug] [header:<region_id:1 peer:<id:3 store_id:3 > region_epoch:<conf_ver:1 version:1 > > requests:<cmd_type:Snap snap:<> > ]
[0m
2025/12/20 22:37:20.175755 peer.go:373: [0;36m[debug] [region 1] 3, send raft msg MsgAppend from {3 3 {} [] 0} to id:1 store_id:1 [0m
2025/12/20 22:37:20.175848 peer.go:373: [0;36m[debug] [region 1] 3, send raft msg MsgAppend from {3 3 {} [] 0} to id:2 store_id:2 [0m
2025/12/20 22:37:20.175862 peer.go:373: [0;36m[debug] [region 1] 3, send raft msg MsgAppend from {3 3 {} [] 0} to id:4 store_id:4 [0m
2025/12/20 22:37:20.175875 peer.go:373: [0;36m[debug] [region 1] 3, send raft msg MsgAppend from {3 3 {} [] 0} to id:5 store_id:5 [0m
2025/12/20 22:37:20.175889 peer_msg_handler.go:287: [0;36m[debug] [region 1] 3 handle raft message MsgAppendResponse from 1 to 3[0m
2025/12/20 22:37:20.175955 peer_msg_handler.go:335: [0;36m[debug] [region 1] handle raft message region_id:1 from_peer:<id:1 store_id:1 > to_peer:<id:3 store_id:3 > message:<msg_type:MsgAppendResponse to:3 from:1 term:7 index:8 > region_epoch:<conf_ver:1 version:1 >  from 1 to 3[0m
2025/12/20 22:37:20.175969 peer_msg_handler.go:287: [0;36m[debug] [region 1] 3 handle raft message MsgAppendResponse from 2 to 3[0m
2025/12/20 22:37:20.175994 peer_msg_handler.go:335: [0;36m[debug] [region 1] handle raft message region_id:1 from_peer:<id:2 store_id:2 > to_peer:<id:3 store_id:3 > message:<msg_type:MsgAppendResponse to:3 from:2 term:7 index:8 > region_epoch:<conf_ver:1 version:1 >  from 2 to 3[0m
2025/12/20 22:37:20.176002 peer_msg_handler.go:287: [0;36m[debug] [region 1] 3 handle raft message MsgAppendResponse from 4 to 3[0m
2025/12/20 22:37:20.176066 peer_msg_handler.go:335: [0;36m[debug] [region 1] handle raft message region_id:1 from_peer:<id:4 store_id:4 > to_peer:<id:3 store_id:3 > message:<msg_type:MsgAppendResponse to:3 from:4 term:7 index:8 > region_epoch:<conf_ver:1 version:1 >  from 4 to 3[0m
2025/12/20 22:37:20.176076 peer_msg_handler.go:287: [0;36m[debug] [region 1] 3 handle raft message MsgAppendResponse from 5 to 3[0m
2025/12/20 22:37:20.176101 peer_msg_handler.go:335: [0;36m[debug] [region 1] handle raft message region_id:1 from_peer:<id:5 store_id:5 > to_peer:<id:3 store_id:3 > message:<msg_type:MsgAppendResponse to:3 from:5 term:7 index:8 > region_epoch:<conf_ver:1 version:1 >  from 5 to 3[0m
2025/12/20 22:37:20.176340 peer_msg_handler.go:287: [0;36m[debug] [region 1] 1 handle raft message MsgAppend from 3 to 1[0m
2025/12/20 22:37:20.176498 peer_msg_handler.go:335: [0;36m[debug] [region 1] handle raft message region_id:1 from_peer:<id:3 store_id:3 > to_peer:<id:1 store_id:1 > message:<msg_type:MsgAppend to:1 from:3 term:7 log_term:7 index:8 entries:<term:7 index:9 data:"\n\016\010\001\022\004\010\003\020\003\"\004\010\001\020\001\022\"\010\003\"\036\n\007default\022\n0 00000001\032\007x 0 1 y" > commit:8 > region_epoch:<conf_ver:1 version:1 >  from 3 to 1[0m
2025/12/20 22:37:20.178654 peer_msg_handler.go:287: [0;36m[debug] [region 1] 2 handle raft message MsgAppend from 3 to 2[0m
2025/12/20 22:37:20.178894 peer_msg_handler.go:335: [0;36m[debug] [region 1] handle raft message region_id:1 from_peer:<id:3 store_id:3 > to_peer:<id:2 store_id:2 > message:<msg_type:MsgAppend to:2 from:3 term:7 log_term:7 index:8 entries:<term:7 index:9 data:"\n\016\010\001\022\004\010\003\020\003\"\004\010\001\020\001\022\"\010\003\"\036\n\007default\022\n0 00000001\032\007x 0 1 y" > commit:8 > region_epoch:<conf_ver:1 version:1 >  from 3 to 2[0m
2025/12/20 22:37:20.178970 peer_msg_handler.go:287: [0;36m[debug] [region 1] 4 handle raft message MsgAppend from 3 to 4[0m
2025/12/20 22:37:20.179097 peer_msg_handler.go:335: [0;36m[debug] [region 1] handle raft message region_id:1 from_peer:<id:3 store_id:3 > to_peer:<id:4 store_id:4 > message:<msg_type:MsgAppend to:4 from:3 term:7 log_term:7 index:8 entries:<term:7 index:9 data:"\n\016\010\001\022\004\010\003\020\003\"\004\010\001\020\001\022\"\010\003\"\036\n\007default\022\n0 00000001\032\007x 0 1 y" > commit:8 > region_epoch:<conf_ver:1 version:1 >  from 3 to 4[0m
2025/12/20 22:37:20.179118 peer_msg_handler.go:287: [0;36m[debug] [region 1] 5 handle raft message MsgAppend from 3 to 5[0m
2025/12/20 22:37:20.179309 peer_msg_handler.go:335: [0;36m[debug] [region 1] handle raft message region_id:1 from_peer:<id:3 store_id:3 > to_peer:<id:5 store_id:5 > message:<msg_type:MsgAppend to:5 from:3 term:7 log_term:7 index:8 entries:<term:7 index:9 data:"\n\016\010\001\022\004\010\003\020\003\"\004\010\001\020\001\022\"\010\003\"\036\n\007default\022\n0 00000001\032\007x 0 1 y" > commit:8 > region_epoch:<conf_ver:1 version:1 >  from 3 to 5[0m
2025/12/20 22:37:20.179770 peer.go:373: [0;36m[debug] [region 1] 1, send raft msg MsgAppendResponse from {1 1 {} [] 0} to id:3 store_id:3 [0m
2025/12/20 22:37:20.179897 peer_msg_handler.go:287: [0;36m[debug] [region 1] 3 handle raft message MsgAppendResponse from 1 to 3[0m
2025/12/20 22:37:20.179938 peer_msg_handler.go:335: [0;36m[debug] [region 1] handle raft message region_id:1 from_peer:<id:1 store_id:1 > to_peer:<id:3 store_id:3 > message:<msg_type:MsgAppendResponse to:3 from:1 term:7 index:9 > region_epoch:<conf_ver:1 version:1 >  from 1 to 3[0m
2025/12/20 22:37:20.181890 peer.go:373: [0;36m[debug] [region 1] 4, send raft msg MsgAppendResponse from {4 4 {} [] 0} to id:3 store_id:3 [0m
2025/12/20 22:37:20.182022 peer_msg_handler.go:287: [0;36m[debug] [region 1] 3 handle raft message MsgAppendResponse from 4 to 3[0m
2025/12/20 22:37:20.182064 peer_msg_handler.go:335: [0;36m[debug] [region 1] handle raft message region_id:1 from_peer:<id:4 store_id:4 > to_peer:<id:3 store_id:3 > message:<msg_type:MsgAppendResponse to:3 from:4 term:7 index:9 > region_epoch:<conf_ver:1 version:1 >  from 4 to 3[0m
2025/12/20 22:37:20.182059 peer.go:373: [0;36m[debug] [region 1] 5, send raft msg MsgAppendResponse from {5 5 {} [] 0} to id:3 store_id:3 [0m
2025/12/20 22:37:20.181967 peer.go:373: [0;36m[debug] [region 1] 2, send raft msg MsgAppendResponse from {2 2 {} [] 0} to id:3 store_id:3 [0m
2025/12/20 22:37:20.185230 peer.go:373: [0;36m[debug] [region 1] 3, send raft msg MsgAppend from {3 3 {} [] 0} to id:1 store_id:1 [0m
2025/12/20 22:37:20.185393 peer.go:373: [0;36m[debug] [region 1] 3, send raft msg MsgAppend from {3 3 {} [] 0} to id:2 store_id:2 [0m
2025/12/20 22:37:20.185428 peer.go:373: [0;36m[debug] [region 1] 3, send raft msg MsgAppend from {3 3 {} [] 0} to id:4 store_id:4 [0m
2025/12/20 22:37:20.185446 peer.go:373: [0;36m[debug] [region 1] 3, send raft msg MsgAppend from {3 3 {} [] 0} to id:5 store_id:5 [0m
2025/12/20 22:37:20.185566 log.go:93: [0;36m[debug] [header:<region_id:1 peer:<id:3 store_id:3 > region_epoch:<conf_ver:1 version:1 > > requests:<cmd_type:Put put:<cf:"default" key:"0 00000001" value:"x 0 1 y" > > ]
[0m
2025/12/20 22:37:20.185865 peer_msg_handler.go:287: [0;36m[debug] [region 1] 4 handle raft message MsgAppend from 3 to 4[0m
2025/12/20 22:37:20.185887 peer_msg_handler.go:287: [0;36m[debug] [region 1] 1 handle raft message MsgAppend from 3 to 1[0m
2025/12/20 22:37:20.185962 peer_msg_handler.go:335: [0;36m[debug] [region 1] handle raft message region_id:1 from_peer:<id:3 store_id:3 > to_peer:<id:4 store_id:4 > message:<msg_type:MsgAppend to:4 from:3 term:7 log_term:7 index:9 commit:9 > region_epoch:<conf_ver:1 version:1 >  from 3 to 4[0m
2025/12/20 22:37:20.185983 peer_msg_handler.go:335: [0;36m[debug] [region 1] handle raft message region_id:1 from_peer:<id:3 store_id:3 > to_peer:<id:1 store_id:1 > message:<msg_type:MsgAppend to:1 from:3 term:7 log_term:7 index:9 commit:9 > region_epoch:<conf_ver:1 version:1 >  from 3 to 1[0m
2025/12/20 22:37:20.186065 peer_msg_handler.go:287: [0;36m[debug] [region 1] 2 handle raft message MsgAppend from 3 to 2[0m
2025/12/20 22:37:20.186187 peer_msg_handler.go:335: [0;36m[debug] [region 1] handle raft message region_id:1 from_peer:<id:3 store_id:3 > to_peer:<id:2 store_id:2 > message:<msg_type:MsgAppend to:2 from:3 term:7 log_term:7 index:8 entries:<term:7 index:9 data:"\n\016\010\001\022\004\010\003\020\003\"\004\010\001\020\001\022\"\010\003\"\036\n\007default\022\n0 00000001\032\007x 0 1 y" > commit:9 > region_epoch:<conf_ver:1 version:1 >  from 3 to 2[0m
2025/12/20 22:37:20.186225 peer_msg_handler.go:287: [0;36m[debug] [region 1] 5 handle raft message MsgAppend from 3 to 5[0m
2025/12/20 22:37:20.186328 peer_msg_handler.go:335: [0;36m[debug] [region 1] handle raft message region_id:1 from_peer:<id:3 store_id:3 > to_peer:<id:5 store_id:5 > message:<msg_type:MsgAppend to:5 from:3 term:7 log_term:7 index:8 entries:<term:7 index:9 data:"\n\016\010\001\022\004\010\003\020\003\"\004\010\001\020\001\022\"\010\003\"\036\n\007default\022\n0 00000001\032\007x 0 1 y" > commit:9 > region_epoch:<conf_ver:1 version:1 >  from 3 to 5[0m
2025/12/20 22:37:20.188609 peer_msg_handler.go:287: [0;36m[debug] [region 1] 3 handle raft message MsgAppendResponse from 5 to 3[0m
2025/12/20 22:37:20.188732 peer_msg_handler.go:335: [0;36m[debug] [region 1] handle raft message region_id:1 from_peer:<id:5 store_id:5 > to_peer:<id:3 store_id:3 > message:<msg_type:MsgAppendResponse to:3 from:5 term:7 index:9 > region_epoch:<conf_ver:1 version:1 >  from 5 to 3[0m
2025/12/20 22:37:20.188750 peer_msg_handler.go:287: [0;36m[debug] [region 1] 3 handle raft message MsgAppendResponse from 2 to 3[0m
2025/12/20 22:37:20.188778 peer_msg_handler.go:335: [0;36m[debug] [region 1] handle raft message region_id:1 from_peer:<id:2 store_id:2 > to_peer:<id:3 store_id:3 > message:<msg_type:MsgAppendResponse to:3 from:2 term:7 index:9 > region_epoch:<conf_ver:1 version:1 >  from 2 to 3[0m
2025/12/20 22:37:20.189667 peer.go:373: [0;36m[debug] [region 1] 1, send raft msg MsgAppendResponse from {1 1 {} [] 0} to id:3 store_id:3 [0m
2025/12/20 22:37:20.189738 peer.go:373: [0;36m[debug] [region 1] 5, send raft msg MsgAppendResponse from {5 5 {} [] 0} to id:3 store_id:3 [0m
2025/12/20 22:37:20.189916 log.go:93: [0;36m[debug] [header:<region_id:1 peer:<id:3 store_id:3 > region_epoch:<conf_ver:1 version:1 > > requests:<cmd_type:Put put:<cf:"default" key:"0 00000001" value:"x 0 1 y" > > ]
[0m
2025/12/20 22:37:20.189948 log.go:93: [0;36m[debug] [header:<region_id:1 peer:<id:3 store_id:3 > region_epoch:<conf_ver:1 version:1 > > requests:<cmd_type:Put put:<cf:"default" key:"0 00000001" value:"x 0 1 y" > > ]
[0m
2025/12/20 22:37:20.189689 peer.go:373: [0;36m[debug] [region 1] 4, send raft msg MsgAppendResponse from {4 4 {} [] 0} to id:3 store_id:3 [0m
2025/12/20 22:37:20.190469 peer.go:373: [0;36m[debug] [region 1] 2, send raft msg MsgAppendResponse from {2 2 {} [] 0} to id:3 store_id:3 [0m
2025/12/20 22:37:20.190572 log.go:93: [0;36m[debug] [header:<region_id:1 peer:<id:3 store_id:3 > region_epoch:<conf_ver:1 version:1 > > requests:<cmd_type:Put put:<cf:"default" key:"0 00000001" value:"x 0 1 y" > > ]
[0m
2025/12/20 22:37:20.190890 log.go:93: [0;36m[debug] [header:<region_id:1 peer:<id:3 store_id:3 > region_epoch:<conf_ver:1 version:1 > > requests:<cmd_type:Put put:<cf:"default" key:"0 00000001" value:"x 0 1 y" > > ]
[0m
2025/12/20 22:37:20.192069 peer.go:373: [0;36m[debug] [region 1] 3, send raft msg MsgAppend from {3 3 {} [] 0} to id:1 store_id:1 [0m
2025/12/20 22:37:20.192213 peer.go:373: [0;36m[debug] [region 1] 3, send raft msg MsgAppend from {3 3 {} [] 0} to id:2 store_id:2 [0m
2025/12/20 22:37:20.192231 peer.go:373: [0;36m[debug] [region 1] 3, send raft msg MsgAppend from {3 3 {} [] 0} to id:4 store_id:4 [0m
2025/12/20 22:37:20.192243 peer.go:373: [0;36m[debug] [region 1] 3, send raft msg MsgAppend from {3 3 {} [] 0} to id:5 store_id:5 [0m
2025/12/20 22:37:20.192255 peer.go:373: [0;36m[debug] [region 1] 3, send raft msg MsgHeartbeat from {3 3 {} [] 0} to id:1 store_id:1 [0m
2025/12/20 22:37:20.192267 peer.go:373: [0;36m[debug] [region 1] 3, send raft msg MsgHeartbeat from {3 3 {} [] 0} to id:2 store_id:2 [0m
2025/12/20 22:37:20.192279 peer.go:373: [0;36m[debug] [region 1] 3, send raft msg MsgHeartbeat from {3 3 {} [] 0} to id:4 store_id:4 [0m
2025/12/20 22:37:20.192361 peer.go:373: [0;36m[debug] [region 1] 3, send raft msg MsgHeartbeat from {3 3 {} [] 0} to id:5 store_id:5 [0m
2025/12/20 22:37:20.192382 peer_msg_handler.go:287: [0;36m[debug] [region 1] 3 handle raft message MsgAppendResponse from 1 to 3[0m
2025/12/20 22:37:20.192434 peer_msg_handler.go:335: [0;36m[debug] [region 1] handle raft message region_id:1 from_peer:<id:1 store_id:1 > to_peer:<id:3 store_id:3 > message:<msg_type:MsgAppendResponse to:3 from:1 term:7 index:9 > region_epoch:<conf_ver:1 version:1 >  from 1 to 3[0m
2025/12/20 22:37:20.192490 peer_msg_handler.go:287: [0;36m[debug] [region 1] 3 handle raft message MsgAppendResponse from 5 to 3[0m
2025/12/20 22:37:20.192522 peer_msg_handler.go:335: [0;36m[debug] [region 1] handle raft message region_id:1 from_peer:<id:5 store_id:5 > to_peer:<id:3 store_id:3 > message:<msg_type:MsgAppendResponse to:3 from:5 term:7 index:9 > region_epoch:<conf_ver:1 version:1 >  from 5 to 3[0m
2025/12/20 22:37:20.192536 peer_msg_handler.go:287: [0;36m[debug] [region 1] 3 handle raft message MsgAppendResponse from 4 to 3[0m
2025/12/20 22:37:20.192564 peer_msg_handler.go:335: [0;36m[debug] [region 1] handle raft message region_id:1 from_peer:<id:4 store_id:4 > to_peer:<id:3 store_id:3 > message:<msg_type:MsgAppendResponse to:3 from:4 term:7 index:9 > region_epoch:<conf_ver:1 version:1 >  from 4 to 3[0m
2025/12/20 22:37:20.192615 peer_msg_handler.go:287: [0;36m[debug] [region 1] 3 handle raft message MsgAppendResponse from 2 to 3[0m
2025/12/20 22:37:20.192647 peer_msg_handler.go:335: [0;36m[debug] [region 1] handle raft message region_id:1 from_peer:<id:2 store_id:2 > to_peer:<id:3 store_id:3 > message:<msg_type:MsgAppendResponse to:3 from:2 term:7 index:9 > region_epoch:<conf_ver:1 version:1 >  from 2 to 3[0m
2025/12/20 22:37:20.193059 peer_msg_handler.go:287: [0;36m[debug] [region 1] 1 handle raft message MsgAppend from 3 to 1[0m
2025/12/20 22:37:20.193272 peer_msg_handler.go:335: [0;36m[debug] [region 1] handle raft message region_id:1 from_peer:<id:3 store_id:3 > to_peer:<id:1 store_id:1 > message:<msg_type:MsgAppend to:1 from:3 term:7 log_term:7 index:9 entries:<term:7 index:10 data:"\n\016\010\001\022\004\010\003\020\003\"\004\010\001\020\001\022\004\010\0052\000" > commit:9 > region_epoch:<conf_ver:1 version:1 >  from 3 to 1[0m
2025/12/20 22:37:20.193509 peer_msg_handler.go:287: [0;36m[debug] [region 1] 1 handle raft message MsgHeartbeat from 3 to 1[0m
2025/12/20 22:37:20.193652 peer_msg_handler.go:335: [0;36m[debug] [region 1] handle raft message region_id:1 from_peer:<id:3 store_id:3 > to_peer:<id:1 store_id:1 > message:<msg_type:MsgHeartbeat to:1 from:3 term:7 commit:9 > region_epoch:<conf_ver:1 version:1 >  from 3 to 1[0m
2025/12/20 22:37:20.194134 peer_msg_handler.go:287: [0;36m[debug] [region 1] 5 handle raft message MsgAppend from 3 to 5[0m
2025/12/20 22:37:20.194239 peer_msg_handler.go:335: [0;36m[debug] [region 1] handle raft message region_id:1 from_peer:<id:3 store_id:3 > to_peer:<id:5 store_id:5 > message:<msg_type:MsgAppend to:5 from:3 term:7 log_term:7 index:9 entries:<term:7 index:10 data:"\n\016\010\001\022\004\010\003\020\003\"\004\010\001\020\001\022\004\010\0052\000" > commit:9 > region_epoch:<conf_ver:1 version:1 >  from 3 to 5[0m
2025/12/20 22:37:20.194263 peer_msg_handler.go:287: [0;36m[debug] [region 1] 5 handle raft message MsgHeartbeat from 3 to 5[0m
2025/12/20 22:37:20.194271 peer_msg_handler.go:287: [0;36m[debug] [region 1] 2 handle raft message MsgAppend from 3 to 2[0m
2025/12/20 22:37:20.194400 peer_msg_handler.go:335: [0;36m[debug] [region 1] handle raft message region_id:1 from_peer:<id:3 store_id:3 > to_peer:<id:2 store_id:2 > message:<msg_type:MsgAppend to:2 from:3 term:7 log_term:7 index:9 entries:<term:7 index:10 data:"\n\016\010\001\022\004\010\003\020\003\"\004\010\001\020\001\022\004\010\0052\000" > commit:9 > region_epoch:<conf_ver:1 version:1 >  from 3 to 2[0m
2025/12/20 22:37:20.194531 peer_msg_handler.go:287: [0;36m[debug] [region 1] 2 handle raft message MsgHeartbeat from 3 to 2[0m
2025/12/20 22:37:20.194303 peer_msg_handler.go:335: [0;36m[debug] [region 1] handle raft message region_id:1 from_peer:<id:3 store_id:3 > to_peer:<id:5 store_id:5 > message:<msg_type:MsgHeartbeat to:5 from:3 term:7 commit:9 > region_epoch:<conf_ver:1 version:1 >  from 3 to 5[0m
2025/12/20 22:37:20.194598 peer_msg_handler.go:335: [0;36m[debug] [region 1] handle raft message region_id:1 from_peer:<id:3 store_id:3 > to_peer:<id:2 store_id:2 > message:<msg_type:MsgHeartbeat to:2 from:3 term:7 commit:9 > region_epoch:<conf_ver:1 version:1 >  from 3 to 2[0m
2025/12/20 22:37:20.194941 peer_msg_handler.go:287: [0;36m[debug] [region 1] 4 handle raft message MsgAppend from 3 to 4[0m
2025/12/20 22:37:20.195094 peer_msg_handler.go:335: [0;36m[debug] [region 1] handle raft message region_id:1 from_peer:<id:3 store_id:3 > to_peer:<id:4 store_id:4 > message:<msg_type:MsgAppend to:4 from:3 term:7 log_term:7 index:9 entries:<term:7 index:10 data:"\n\016\010\001\022\004\010\003\020\003\"\004\010\001\020\001\022\004\010\0052\000" > commit:9 > region_epoch:<conf_ver:1 version:1 >  from 3 to 4[0m
2025/12/20 22:37:20.195115 peer_msg_handler.go:287: [0;36m[debug] [region 1] 4 handle raft message MsgHeartbeat from 3 to 4[0m
2025/12/20 22:37:20.195151 peer_msg_handler.go:335: [0;36m[debug] [region 1] handle raft message region_id:1 from_peer:<id:3 store_id:3 > to_peer:<id:4 store_id:4 > message:<msg_type:MsgHeartbeat to:4 from:3 term:7 commit:9 > region_epoch:<conf_ver:1 version:1 >  from 3 to 4[0m
2025/12/20 22:37:20.196630 peer.go:373: [0;36m[debug] [region 1] 1, send raft msg MsgAppendResponse from {1 1 {} [] 0} to id:3 store_id:3 [0m
2025/12/20 22:37:20.196720 peer.go:373: [0;36m[debug] [region 1] 1, send raft msg MsgHeartbeatResponse from {1 1 {} [] 0} to id:3 store_id:3 [0m
2025/12/20 22:37:20.196745 peer_msg_handler.go:287: [0;36m[debug] [region 1] 3 handle raft message MsgAppendResponse from 1 to 3[0m
2025/12/20 22:37:20.196785 peer_msg_handler.go:335: [0;36m[debug] [region 1] handle raft message region_id:1 from_peer:<id:1 store_id:1 > to_peer:<id:3 store_id:3 > message:<msg_type:MsgAppendResponse to:3 from:1 term:7 index:10 > region_epoch:<conf_ver:1 version:1 >  from 1 to 3[0m
2025/12/20 22:37:20.196799 peer_msg_handler.go:287: [0;36m[debug] [region 1] 3 handle raft message MsgHeartbeatResponse from 1 to 3[0m
2025/12/20 22:37:20.196847 peer_msg_handler.go:335: [0;36m[debug] [region 1] handle raft message region_id:1 from_peer:<id:1 store_id:1 > to_peer:<id:3 store_id:3 > message:<msg_type:MsgHeartbeatResponse to:3 from:1 term:7 index:10 > region_epoch:<conf_ver:1 version:1 >  from 1 to 3[0m
2025/12/20 22:37:20.197651 peer.go:373: [0;36m[debug] [region 1] 5, send raft msg MsgAppendResponse from {5 5 {} [] 0} to id:3 store_id:3 [0m
2025/12/20 22:37:20.197926 peer.go:373: [0;36m[debug] [region 1] 5, send raft msg MsgHeartbeatResponse from {5 5 {} [] 0} to id:3 store_id:3 [0m
2025/12/20 22:37:20.197963 peer_msg_handler.go:287: [0;36m[debug] [region 1] 3 handle raft message MsgAppendResponse from 5 to 3[0m
2025/12/20 22:37:20.198049 peer_msg_handler.go:335: [0;36m[debug] [region 1] handle raft message region_id:1 from_peer:<id:5 store_id:5 > to_peer:<id:3 store_id:3 > message:<msg_type:MsgAppendResponse to:3 from:5 term:7 index:10 > region_epoch:<conf_ver:1 version:1 >  from 5 to 3[0m
2025/12/20 22:37:20.198078 peer_msg_handler.go:287: [0;36m[debug] [region 1] 3 handle raft message MsgHeartbeatResponse from 5 to 3[0m
2025/12/20 22:37:20.198126 peer_msg_handler.go:335: [0;36m[debug] [region 1] handle raft message region_id:1 from_peer:<id:5 store_id:5 > to_peer:<id:3 store_id:3 > message:<msg_type:MsgHeartbeatResponse to:3 from:5 term:7 index:10 > region_epoch:<conf_ver:1 version:1 >  from 5 to 3[0m
2025/12/20 22:37:20.198219 peer.go:373: [0;36m[debug] [region 1] 4, send raft msg MsgAppendResponse from {4 4 {} [] 0} to id:3 store_id:3 [0m
2025/12/20 22:37:20.198335 peer.go:373: [0;36m[debug] [region 1] 4, send raft msg MsgHeartbeatResponse from {4 4 {} [] 0} to id:3 store_id:3 [0m
2025/12/20 22:37:20.198336 peer.go:373: [0;36m[debug] [region 1] 2, send raft msg MsgAppendResponse from {2 2 {} [] 0} to id:3 store_id:3 [0m
2025/12/20 22:37:20.198373 peer.go:373: [0;36m[debug] [region 1] 2, send raft msg MsgHeartbeatResponse from {2 2 {} [] 0} to id:3 store_id:3 [0m
2025/12/20 22:37:20.201169 peer.go:373: [0;36m[debug] [region 1] 3, send raft msg MsgAppend from {3 3 {} [] 0} to id:1 store_id:1 [0m
2025/12/20 22:37:20.201607 peer.go:373: [0;36m[debug] [region 1] 3, send raft msg MsgAppend from {3 3 {} [] 0} to id:2 store_id:2 [0m
2025/12/20 22:37:20.201689 peer.go:373: [0;36m[debug] [region 1] 3, send raft msg MsgAppend from {3 3 {} [] 0} to id:4 store_id:4 [0m
2025/12/20 22:37:20.201710 peer.go:373: [0;36m[debug] [region 1] 3, send raft msg MsgAppend from {3 3 {} [] 0} to id:5 store_id:5 [0m
2025/12/20 22:37:20.201775 log.go:93: [0;36m[debug] [header:<region_id:1 peer:<id:3 store_id:3 > region_epoch:<conf_ver:1 version:1 > > requests:<cmd_type:Snap snap:<> > ]
[0m
2025/12/20 22:37:20.201812 peer_msg_handler.go:287: [0;36m[debug] [region 1] 2 handle raft message MsgAppend from 3 to 2[0m
2025/12/20 22:37:20.201912 peer_msg_handler.go:335: [0;36m[debug] [region 1] handle raft message region_id:1 from_peer:<id:3 store_id:3 > to_peer:<id:2 store_id:2 > message:<msg_type:MsgAppend to:2 from:3 term:7 log_term:7 index:9 entries:<term:7 index:10 data:"\n\016\010\001\022\004\010\003\020\003\"\004\010\001\020\001\022\004\010\0052\000" > commit:10 > region_epoch:<conf_ver:1 version:1 >  from 3 to 2[0m
2025/12/20 22:37:20.201962 peer_msg_handler.go:287: [0;36m[debug] [region 1] 5 handle raft message MsgAppend from 3 to 5[0m
2025/12/20 22:37:20.202048 peer_msg_handler.go:335: [0;36m[debug] [region 1] handle raft message region_id:1 from_peer:<id:3 store_id:3 > to_peer:<id:5 store_id:5 > message:<msg_type:MsgAppend to:5 from:3 term:7 log_term:7 index:10 commit:10 > region_epoch:<conf_ver:1 version:1 >  from 3 to 5[0m
2025/12/20 22:37:20.202211 peer_msg_handler.go:287: [0;36m[debug] [region 1] 1 handle raft message MsgAppend from 3 to 1[0m
2025/12/20 22:37:20.202574 peer_msg_handler.go:335: [0;36m[debug] [region 1] handle raft message region_id:1 from_peer:<id:3 store_id:3 > to_peer:<id:1 store_id:1 > message:<msg_type:MsgAppend to:1 from:3 term:7 log_term:7 index:10 commit:10 > region_epoch:<conf_ver:1 version:1 >  from 3 to 1[0m
2025/12/20 22:37:20.201911 peer_msg_handler.go:287: [0;36m[debug] [region 1] 4 handle raft message MsgAppend from 3 to 4[0m
2025/12/20 22:37:20.203079 peer_msg_handler.go:335: [0;36m[debug] [region 1] handle raft message region_id:1 from_peer:<id:3 store_id:3 > to_peer:<id:4 store_id:4 > message:<msg_type:MsgAppend to:4 from:3 term:7 log_term:7 index:9 entries:<term:7 index:10 data:"\n\016\010\001\022\004\010\003\020\003\"\004\010\001\020\001\022\004\010\0052\000" > commit:10 > region_epoch:<conf_ver:1 version:1 >  from 3 to 4[0m
2025/12/20 22:37:20.205219 peer.go:373: [0;36m[debug] [region 1] 2, send raft msg MsgAppendResponse from {2 2 {} [] 0} to id:3 store_id:3 [0m
2025/12/20 22:37:20.205413 log.go:93: [0;36m[debug] [header:<region_id:1 peer:<id:3 store_id:3 > region_epoch:<conf_ver:1 version:1 > > requests:<cmd_type:Snap snap:<> > ]
[0m
2025/12/20 22:37:20.205960 peer_msg_handler.go:287: [0;36m[debug] [region 1] 3 handle raft message MsgAppendResponse from 4 to 3[0m
2025/12/20 22:37:20.206492 peer_msg_handler.go:335: [0;36m[debug] [region 1] handle raft message region_id:1 from_peer:<id:4 store_id:4 > to_peer:<id:3 store_id:3 > message:<msg_type:MsgAppendResponse to:3 from:4 term:7 index:10 > region_epoch:<conf_ver:1 version:1 >  from 4 to 3[0m
2025/12/20 22:37:20.206637 peer_msg_handler.go:287: [0;36m[debug] [region 1] 3 handle raft message MsgHeartbeatResponse from 4 to 3[0m
2025/12/20 22:37:20.206812 peer_msg_handler.go:335: [0;36m[debug] [region 1] handle raft message region_id:1 from_peer:<id:4 store_id:4 > to_peer:<id:3 store_id:3 > message:<msg_type:MsgHeartbeatResponse to:3 from:4 term:7 index:10 > region_epoch:<conf_ver:1 version:1 >  from 4 to 3[0m
2025/12/20 22:37:20.206909 peer.go:373: [0;36m[debug] [region 1] 5, send raft msg MsgAppendResponse from {5 5 {} [] 0} to id:3 store_id:3 [0m
2025/12/20 22:37:20.206936 peer_msg_handler.go:287: [0;36m[debug] [region 1] 3 handle raft message MsgAppendResponse from 2 to 3[0m
2025/12/20 22:37:20.207002 log.go:93: [0;36m[debug] [header:<region_id:1 peer:<id:3 store_id:3 > region_epoch:<conf_ver:1 version:1 > > requests:<cmd_type:Snap snap:<> > ]
[0m
2025/12/20 22:37:20.207053 peer_msg_handler.go:335: [0;36m[debug] [region 1] handle raft message region_id:1 from_peer:<id:2 store_id:2 > to_peer:<id:3 store_id:3 > message:<msg_type:MsgAppendResponse to:3 from:2 term:7 index:10 > region_epoch:<conf_ver:1 version:1 >  from 2 to 3[0m
2025/12/20 22:37:20.207070 peer_msg_handler.go:287: [0;36m[debug] [region 1] 3 handle raft message MsgHeartbeatResponse from 2 to 3[0m
2025/12/20 22:37:20.207110 peer_msg_handler.go:335: [0;36m[debug] [region 1] handle raft message region_id:1 from_peer:<id:2 store_id:2 > to_peer:<id:3 store_id:3 > message:<msg_type:MsgHeartbeatResponse to:3 from:2 term:7 index:10 > region_epoch:<conf_ver:1 version:1 >  from 2 to 3[0m
2025/12/20 22:37:20.207193 peer_msg_handler.go:287: [0;36m[debug] [region 1] 3 handle raft message MsgAppendResponse from 2 to 3[0m
2025/12/20 22:37:20.207237 peer_msg_handler.go:335: [0;36m[debug] [region 1] handle raft message region_id:1 from_peer:<id:2 store_id:2 > to_peer:<id:3 store_id:3 > message:<msg_type:MsgAppendResponse to:3 from:2 term:7 index:10 > region_epoch:<conf_ver:1 version:1 >  from 2 to 3[0m
2025/12/20 22:37:20.207322 peer.go:373: [0;36m[debug] [region 1] 1, send raft msg MsgAppendResponse from {1 1 {} [] 0} to id:3 store_id:3 [0m
2025/12/20 22:37:20.207538 log.go:93: [0;36m[debug] [header:<region_id:1 peer:<id:3 store_id:3 > region_epoch:<conf_ver:1 version:1 > > requests:<cmd_type:Snap snap:<> > ]
[0m
2025/12/20 22:37:20.208555 peer.go:373: [0;36m[debug] [region 1] 4, send raft msg MsgAppendResponse from {4 4 {} [] 0} to id:3 store_id:3 [0m
2025/12/20 22:37:20.208703 log.go:93: [0;36m[debug] [header:<region_id:1 peer:<id:3 store_id:3 > region_epoch:<conf_ver:1 version:1 > > requests:<cmd_type:Snap snap:<> > ]
[0m
2025/12/20 22:37:20.209908 peer.go:373: [0;36m[debug] [region 1] 3, send raft msg MsgAppend from {3 3 {} [] 0} to id:1 store_id:1 [0m
2025/12/20 22:37:20.210009 peer.go:373: [0;36m[debug] [region 1] 3, send raft msg MsgAppend from {3 3 {} [] 0} to id:2 store_id:2 [0m
2025/12/20 22:37:20.210033 peer.go:373: [0;36m[debug] [region 1] 3, send raft msg MsgAppend from {3 3 {} [] 0} to id:4 store_id:4 [0m
2025/12/20 22:37:20.210051 peer.go:373: [0;36m[debug] [region 1] 3, send raft msg MsgAppend from {3 3 {} [] 0} to id:5 store_id:5 [0m
2025/12/20 22:37:20.210070 peer_msg_handler.go:287: [0;36m[debug] [region 1] 3 handle raft message MsgAppendResponse from 5 to 3[0m
2025/12/20 22:37:20.210148 peer_msg_handler.go:335: [0;36m[debug] [region 1] handle raft message region_id:1 from_peer:<id:5 store_id:5 > to_peer:<id:3 store_id:3 > message:<msg_type:MsgAppendResponse to:3 from:5 term:7 index:10 > region_epoch:<conf_ver:1 version:1 >  from 5 to 3[0m
2025/12/20 22:37:20.210168 peer_msg_handler.go:287: [0;36m[debug] [region 1] 3 handle raft message MsgAppendResponse from 1 to 3[0m
2025/12/20 22:37:20.210213 peer_msg_handler.go:335: [0;36m[debug] [region 1] handle raft message region_id:1 from_peer:<id:1 store_id:1 > to_peer:<id:3 store_id:3 > message:<msg_type:MsgAppendResponse to:3 from:1 term:7 index:10 > region_epoch:<conf_ver:1 version:1 >  from 1 to 3[0m
2025/12/20 22:37:20.210226 peer_msg_handler.go:287: [0;36m[debug] [region 1] 3 handle raft message MsgAppendResponse from 4 to 3[0m
2025/12/20 22:37:20.210259 peer_msg_handler.go:335: [0;36m[debug] [region 1] handle raft message region_id:1 from_peer:<id:4 store_id:4 > to_peer:<id:3 store_id:3 > message:<msg_type:MsgAppendResponse to:3 from:4 term:7 index:10 > region_epoch:<conf_ver:1 version:1 >  from 4 to 3[0m
2025/12/20 22:37:20.210280 peer_msg_handler.go:287: [0;36m[debug] [region 1] 2 handle raft message MsgAppend from 3 to 2[0m
2025/12/20 22:37:20.210345 peer_msg_handler.go:335: [0;36m[debug] [region 1] handle raft message region_id:1 from_peer:<id:3 store_id:3 > to_peer:<id:2 store_id:2 > message:<msg_type:MsgAppend to:2 from:3 term:7 log_term:7 index:10 entries:<term:7 index:11 data:"\n\016\010\001\022\004\010\003\020\003\"\004\010\001\020\001\022\"\010\003\"\036\n\007default\022\n0 00000002\032\007x 0 2 y" > commit:10 > region_epoch:<conf_ver:1 version:1 >  from 3 to 2[0m
2025/12/20 22:37:20.210988 peer_msg_handler.go:287: [0;36m[debug] [region 1] 1 handle raft message MsgAppend from 3 to 1[0m
2025/12/20 22:37:20.211029 peer_msg_handler.go:287: [0;36m[debug] [region 1] 5 handle raft message MsgAppend from 3 to 5[0m
2025/12/20 22:37:20.211127 peer_msg_handler.go:287: [0;36m[debug] [region 1] 4 handle raft message MsgAppend from 3 to 4[0m
2025/12/20 22:37:20.211146 peer_msg_handler.go:335: [0;36m[debug] [region 1] handle raft message region_id:1 from_peer:<id:3 store_id:3 > to_peer:<id:1 store_id:1 > message:<msg_type:MsgAppend to:1 from:3 term:7 log_term:7 index:10 entries:<term:7 index:11 data:"\n\016\010\001\022\004\010\003\020\003\"\004\010\001\020\001\022\"\010\003\"\036\n\007default\022\n0 00000002\032\007x 0 2 y" > commit:10 > region_epoch:<conf_ver:1 version:1 >  from 3 to 1[0m
2025/12/20 22:37:20.211165 peer_msg_handler.go:335: [0;36m[debug] [region 1] handle raft message region_id:1 from_peer:<id:3 store_id:3 > to_peer:<id:5 store_id:5 > message:<msg_type:MsgAppend to:5 from:3 term:7 log_term:7 index:10 entries:<term:7 index:11 data:"\n\016\010\001\022\004\010\003\020\003\"\004\010\001\020\001\022\"\010\003\"\036\n\007default\022\n0 00000002\032\007x 0 2 y" > commit:10 > region_epoch:<conf_ver:1 version:1 >  from 3 to 5[0m
2025/12/20 22:37:20.211277 peer_msg_handler.go:335: [0;36m[debug] [region 1] handle raft message region_id:1 from_peer:<id:3 store_id:3 > to_peer:<id:4 store_id:4 > message:<msg_type:MsgAppend to:4 from:3 term:7 log_term:7 index:10 entries:<term:7 index:11 data:"\n\016\010\001\022\004\010\003\020\003\"\004\010\001\020\001\022\"\010\003\"\036\n\007default\022\n0 00000002\032\007x 0 2 y" > commit:10 > region_epoch:<conf_ver:1 version:1 >  from 3 to 4[0m
2025/12/20 22:37:20.212890 peer.go:373: [0;36m[debug] [region 1] 2, send raft msg MsgAppendResponse from {2 2 {} [] 0} to id:3 store_id:3 [0m
2025/12/20 22:37:20.212977 peer_msg_handler.go:287: [0;36m[debug] [region 1] 3 handle raft message MsgAppendResponse from 2 to 3[0m
2025/12/20 22:37:20.213013 peer_msg_handler.go:335: [0;36m[debug] [region 1] handle raft message region_id:1 from_peer:<id:2 store_id:2 > to_peer:<id:3 store_id:3 > message:<msg_type:MsgAppendResponse to:3 from:2 term:7 index:11 > region_epoch:<conf_ver:1 version:1 >  from 2 to 3[0m
2025/12/20 22:37:20.214138 peer.go:373: [0;36m[debug] [region 1] 5, send raft msg MsgAppendResponse from {5 5 {} [] 0} to id:3 store_id:3 [0m
2025/12/20 22:37:20.214204 peer.go:373: [0;36m[debug] [region 1] 1, send raft msg MsgAppendResponse from {1 1 {} [] 0} to id:3 store_id:3 [0m
2025/12/20 22:37:20.214213 peer_msg_handler.go:287: [0;36m[debug] [region 1] 3 handle raft message MsgAppendResponse from 5 to 3[0m
2025/12/20 22:37:20.214337 peer_msg_handler.go:335: [0;36m[debug] [region 1] handle raft message region_id:1 from_peer:<id:5 store_id:5 > to_peer:<id:3 store_id:3 > message:<msg_type:MsgAppendResponse to:3 from:5 term:7 index:11 > region_epoch:<conf_ver:1 version:1 >  from 5 to 3[0m
2025/12/20 22:37:20.214144 peer.go:373: [0;36m[debug] [region 1] 4, send raft msg MsgAppendResponse from {4 4 {} [] 0} to id:3 store_id:3 [0m
2025/12/20 22:37:20.216956 peer.go:373: [0;36m[debug] [region 1] 3, send raft msg MsgAppend from {3 3 {} [] 0} to id:1 store_id:1 [0m
2025/12/20 22:37:20.217082 peer.go:373: [0;36m[debug] [region 1] 3, send raft msg MsgAppend from {3 3 {} [] 0} to id:2 store_id:2 [0m
2025/12/20 22:37:20.217098 peer.go:373: [0;36m[debug] [region 1] 3, send raft msg MsgAppend from {3 3 {} [] 0} to id:4 store_id:4 [0m
2025/12/20 22:37:20.217107 peer.go:373: [0;36m[debug] [region 1] 3, send raft msg MsgAppend from {3 3 {} [] 0} to id:5 store_id:5 [0m
2025/12/20 22:37:20.217179 log.go:93: [0;36m[debug] [header:<region_id:1 peer:<id:3 store_id:3 > region_epoch:<conf_ver:1 version:1 > > requests:<cmd_type:Put put:<cf:"default" key:"0 00000002" value:"x 0 2 y" > > ]
[0m
2025/12/20 22:37:20.217346 peer_msg_handler.go:287: [0;36m[debug] [region 1] 4 handle raft message MsgAppend from 3 to 4[0m
2025/12/20 22:37:20.217504 peer_msg_handler.go:287: [0;36m[debug] [region 1] 1 handle raft message MsgAppend from 3 to 1[0m
2025/12/20 22:37:20.217582 peer_msg_handler.go:335: [0;36m[debug] [region 1] handle raft message region_id:1 from_peer:<id:3 store_id:3 > to_peer:<id:4 store_id:4 > message:<msg_type:MsgAppend to:4 from:3 term:7 log_term:7 index:10 entries:<term:7 index:11 data:"\n\016\010\001\022\004\010\003\020\003\"\004\010\001\020\001\022\"\010\003\"\036\n\007default\022\n0 00000002\032\007x 0 2 y" > commit:11 > region_epoch:<conf_ver:1 version:1 >  from 3 to 4[0m
2025/12/20 22:37:20.217585 peer_msg_handler.go:287: [0;36m[debug] [region 1] 5 handle raft message MsgAppend from 3 to 5[0m
2025/12/20 22:37:20.217615 peer_msg_handler.go:335: [0;36m[debug] [region 1] handle raft message region_id:1 from_peer:<id:3 store_id:3 > to_peer:<id:1 store_id:1 > message:<msg_type:MsgAppend to:1 from:3 term:7 log_term:7 index:10 entries:<term:7 index:11 data:"\n\016\010\001\022\004\010\003\020\003\"\004\010\001\020\001\022\"\010\003\"\036\n\007default\022\n0 00000002\032\007x 0 2 y" > commit:11 > region_epoch:<conf_ver:1 version:1 >  from 3 to 1[0m
2025/12/20 22:37:20.217686 peer_msg_handler.go:335: [0;36m[debug] [region 1] handle raft message region_id:1 from_peer:<id:3 store_id:3 > to_peer:<id:5 store_id:5 > message:<msg_type:MsgAppend to:5 from:3 term:7 log_term:7 index:11 commit:11 > region_epoch:<conf_ver:1 version:1 >  from 3 to 5[0m
2025/12/20 22:37:20.217844 peer_msg_handler.go:287: [0;36m[debug] [region 1] 2 handle raft message MsgAppend from 3 to 2[0m
2025/12/20 22:37:20.217947 peer_msg_handler.go:335: [0;36m[debug] [region 1] handle raft message region_id:1 from_peer:<id:3 store_id:3 > to_peer:<id:2 store_id:2 > message:<msg_type:MsgAppend to:2 from:3 term:7 log_term:7 index:11 commit:11 > region_epoch:<conf_ver:1 version:1 >  from 3 to 2[0m
2025/12/20 22:37:20.219621 peer_msg_handler.go:287: [0;36m[debug] [region 1] 3 handle raft message MsgAppendResponse from 1 to 3[0m
2025/12/20 22:37:20.219712 peer_msg_handler.go:335: [0;36m[debug] [region 1] handle raft message region_id:1 from_peer:<id:1 store_id:1 > to_peer:<id:3 store_id:3 > message:<msg_type:MsgAppendResponse to:3 from:1 term:7 index:11 > region_epoch:<conf_ver:1 version:1 >  from 1 to 3[0m
2025/12/20 22:37:20.219727 peer_msg_handler.go:287: [0;36m[debug] [region 1] 3 handle raft message MsgAppendResponse from 4 to 3[0m
2025/12/20 22:37:20.219763 peer_msg_handler.go:335: [0;36m[debug] [region 1] handle raft message region_id:1 from_peer:<id:4 store_id:4 > to_peer:<id:3 store_id:3 > message:<msg_type:MsgAppendResponse to:3 from:4 term:7 index:11 > region_epoch:<conf_ver:1 version:1 >  from 4 to 3[0m
2025/12/20 22:37:20.220633 peer.go:373: [0;36m[debug] [region 1] 1, send raft msg MsgAppendResponse from {1 1 {} [] 0} to id:3 store_id:3 [0m
2025/12/20 22:37:20.220785 log.go:93: [0;36m[debug] [header:<region_id:1 peer:<id:3 store_id:3 > region_epoch:<conf_ver:1 version:1 > > requests:<cmd_type:Put put:<cf:"default" key:"0 00000002" value:"x 0 2 y" > > ]
[0m
2025/12/20 22:37:20.221882 peer.go:373: [0;36m[debug] [region 1] 5, send raft msg MsgAppendResponse from {5 5 {} [] 0} to id:3 store_id:3 [0m
2025/12/20 22:37:20.222006 log.go:93: [0;36m[debug] [header:<region_id:1 peer:<id:3 store_id:3 > region_epoch:<conf_ver:1 version:1 > > requests:<cmd_type:Put put:<cf:"default" key:"0 00000002" value:"x 0 2 y" > > ]
[0m
2025/12/20 22:37:20.222226 peer.go:373: [0;36m[debug] [region 1] 4, send raft msg MsgAppendResponse from {4 4 {} [] 0} to id:3 store_id:3 [0m
2025/12/20 22:37:20.222422 log.go:93: [0;36m[debug] [header:<region_id:1 peer:<id:3 store_id:3 > region_epoch:<conf_ver:1 version:1 > > requests:<cmd_type:Put put:<cf:"default" key:"0 00000002" value:"x 0 2 y" > > ]
[0m
2025/12/20 22:37:20.222840 peer.go:373: [0;36m[debug] [region 1] 2, send raft msg MsgAppendResponse from {2 2 {} [] 0} to id:3 store_id:3 [0m
2025/12/20 22:37:20.223004 log.go:93: [0;36m[debug] [header:<region_id:1 peer:<id:3 store_id:3 > region_epoch:<conf_ver:1 version:1 > > requests:<cmd_type:Put put:<cf:"default" key:"0 00000002" value:"x 0 2 y" > > ]
[0m
2025/12/20 22:37:20.223692 peer.go:373: [0;36m[debug] [region 1] 3, send raft msg MsgAppend from {3 3 {} [] 0} to id:1 store_id:1 [0m
2025/12/20 22:37:20.223758 peer.go:373: [0;36m[debug] [region 1] 3, send raft msg MsgAppend from {3 3 {} [] 0} to id:2 store_id:2 [0m
2025/12/20 22:37:20.223770 peer.go:373: [0;36m[debug] [region 1] 3, send raft msg MsgAppend from {3 3 {} [] 0} to id:4 store_id:4 [0m
2025/12/20 22:37:20.223779 peer.go:373: [0;36m[debug] [region 1] 3, send raft msg MsgAppend from {3 3 {} [] 0} to id:5 store_id:5 [0m
2025/12/20 22:37:20.223790 peer_msg_handler.go:287: [0;36m[debug] [region 1] 3 handle raft message MsgAppendResponse from 1 to 3[0m
2025/12/20 22:37:20.223819 peer_msg_handler.go:335: [0;36m[debug] [region 1] handle raft message region_id:1 from_peer:<id:1 store_id:1 > to_peer:<id:3 store_id:3 > message:<msg_type:MsgAppendResponse to:3 from:1 term:7 index:11 > region_epoch:<conf_ver:1 version:1 >  from 1 to 3[0m
2025/12/20 22:37:20.223828 peer_msg_handler.go:287: [0;36m[debug] [region 1] 3 handle raft message MsgAppendResponse from 5 to 3[0m
2025/12/20 22:37:20.223848 peer_msg_handler.go:335: [0;36m[debug] [region 1] handle raft message region_id:1 from_peer:<id:5 store_id:5 > to_peer:<id:3 store_id:3 > message:<msg_type:MsgAppendResponse to:3 from:5 term:7 index:11 > region_epoch:<conf_ver:1 version:1 >  from 5 to 3[0m
2025/12/20 22:37:20.223854 peer_msg_handler.go:287: [0;36m[debug] [region 1] 3 handle raft message MsgAppendResponse from 4 to 3[0m
2025/12/20 22:37:20.223871 peer_msg_handler.go:335: [0;36m[debug] [region 1] handle raft message region_id:1 from_peer:<id:4 store_id:4 > to_peer:<id:3 store_id:3 > message:<msg_type:MsgAppendResponse to:3 from:4 term:7 index:11 > region_epoch:<conf_ver:1 version:1 >  from 4 to 3[0m
2025/12/20 22:37:20.223877 peer_msg_handler.go:287: [0;36m[debug] [region 1] 3 handle raft message MsgAppendResponse from 2 to 3[0m
2025/12/20 22:37:20.223908 peer_msg_handler.go:335: [0;36m[debug] [region 1] handle raft message region_id:1 from_peer:<id:2 store_id:2 > to_peer:<id:3 store_id:3 > message:<msg_type:MsgAppendResponse to:3 from:2 term:7 index:11 > region_epoch:<conf_ver:1 version:1 >  from 2 to 3[0m
2025/12/20 22:37:20.224334 peer_msg_handler.go:287: [0;36m[debug] [region 1] 1 handle raft message MsgAppend from 3 to 1[0m
2025/12/20 22:37:20.224449 peer_msg_handler.go:335: [0;36m[debug] [region 1] handle raft message region_id:1 from_peer:<id:3 store_id:3 > to_peer:<id:1 store_id:1 > message:<msg_type:MsgAppend to:1 from:3 term:7 log_term:7 index:11 entries:<term:7 index:12 data:"\n\016\010\001\022\004\010\003\020\003\"\004\010\001\020\001\022\"\010\003\"\036\n\007default\022\n0 00000003\032\007x 0 3 y" > commit:11 > region_epoch:<conf_ver:1 version:1 >  from 3 to 1[0m
2025/12/20 22:37:20.225419 peer_msg_handler.go:287: [0;36m[debug] [region 1] 5 handle raft message MsgAppend from 3 to 5[0m
2025/12/20 22:37:20.225511 peer_msg_handler.go:335: [0;36m[debug] [region 1] handle raft message region_id:1 from_peer:<id:3 store_id:3 > to_peer:<id:5 store_id:5 > message:<msg_type:MsgAppend to:5 from:3 term:7 log_term:7 index:11 entries:<term:7 index:12 data:"\n\016\010\001\022\004\010\003\020\003\"\004\010\001\020\001\022\"\010\003\"\036\n\007default\022\n0 00000003\032\007x 0 3 y" > commit:11 > region_epoch:<conf_ver:1 version:1 >  from 3 to 5[0m
2025/12/20 22:37:20.225982 peer_msg_handler.go:287: [0;36m[debug] [region 1] 4 handle raft message MsgAppend from 3 to 4[0m
2025/12/20 22:37:20.226046 peer_msg_handler.go:287: [0;36m[debug] [region 1] 2 handle raft message MsgAppend from 3 to 2[0m
2025/12/20 22:37:20.226108 peer_msg_handler.go:335: [0;36m[debug] [region 1] handle raft message region_id:1 from_peer:<id:3 store_id:3 > to_peer:<id:4 store_id:4 > message:<msg_type:MsgAppend to:4 from:3 term:7 log_term:7 index:11 entries:<term:7 index:12 data:"\n\016\010\001\022\004\010\003\020\003\"\004\010\001\020\001\022\"\010\003\"\036\n\007default\022\n0 00000003\032\007x 0 3 y" > commit:11 > region_epoch:<conf_ver:1 version:1 >  from 3 to 4[0m
2025/12/20 22:37:20.226128 peer_msg_handler.go:335: [0;36m[debug] [region 1] handle raft message region_id:1 from_peer:<id:3 store_id:3 > to_peer:<id:2 store_id:2 > message:<msg_type:MsgAppend to:2 from:3 term:7 log_term:7 index:11 entries:<term:7 index:12 data:"\n\016\010\001\022\004\010\003\020\003\"\004\010\001\020\001\022\"\010\003\"\036\n\007default\022\n0 00000003\032\007x 0 3 y" > commit:11 > region_epoch:<conf_ver:1 version:1 >  from 3 to 2[0m
2025/12/20 22:37:20.226335 peer.go:373: [0;36m[debug] [region 1] 1, send raft msg MsgAppendResponse from {1 1 {} [] 0} to id:3 store_id:3 [0m
2025/12/20 22:37:20.226436 peer_msg_handler.go:287: [0;36m[debug] [region 1] 3 handle raft message MsgAppendResponse from 1 to 3[0m
2025/12/20 22:37:20.226469 peer_msg_handler.go:335: [0;36m[debug] [region 1] handle raft message region_id:1 from_peer:<id:1 store_id:1 > to_peer:<id:3 store_id:3 > message:<msg_type:MsgAppendResponse to:3 from:1 term:7 index:12 > region_epoch:<conf_ver:1 version:1 >  from 1 to 3[0m
2025/12/20 22:37:20.227464 peer.go:373: [0;36m[debug] [region 1] 5, send raft msg MsgAppendResponse from {5 5 {} [] 0} to id:3 store_id:3 [0m
2025/12/20 22:37:20.227559 peer_msg_handler.go:287: [0;36m[debug] [region 1] 3 handle raft message MsgAppendResponse from 5 to 3[0m
2025/12/20 22:37:20.227599 peer_msg_handler.go:335: [0;36m[debug] [region 1] handle raft message region_id:1 from_peer:<id:5 store_id:5 > to_peer:<id:3 store_id:3 > message:<msg_type:MsgAppendResponse to:3 from:5 term:7 index:12 > region_epoch:<conf_ver:1 version:1 >  from 5 to 3[0m
2025/12/20 22:37:20.228348 peer.go:373: [0;36m[debug] [region 1] 2, send raft msg MsgAppendResponse from {2 2 {} [] 0} to id:3 store_id:3 [0m
2025/12/20 22:37:20.229039 peer.go:373: [0;36m[debug] [region 1] 4, send raft msg MsgAppendResponse from {4 4 {} [] 0} to id:3 store_id:3 [0m
2025/12/20 22:37:20.230066 peer.go:373: [0;36m[debug] [region 1] 3, send raft msg MsgAppend from {3 3 {} [] 0} to id:1 store_id:1 [0m
2025/12/20 22:37:20.230227 peer.go:373: [0;36m[debug] [region 1] 3, send raft msg MsgAppend from {3 3 {} [] 0} to id:2 store_id:2 [0m
2025/12/20 22:37:20.230248 peer.go:373: [0;36m[debug] [region 1] 3, send raft msg MsgAppend from {3 3 {} [] 0} to id:4 store_id:4 [0m
2025/12/20 22:37:20.230256 peer.go:373: [0;36m[debug] [region 1] 3, send raft msg MsgAppend from {3 3 {} [] 0} to id:5 store_id:5 [0m
2025/12/20 22:37:20.230286 log.go:93: [0;36m[debug] [header:<region_id:1 peer:<id:3 store_id:3 > region_epoch:<conf_ver:1 version:1 > > requests:<cmd_type:Put put:<cf:"default" key:"0 00000003" value:"x 0 3 y" > > ]
[0m
2025/12/20 22:37:20.230370 peer_msg_handler.go:287: [0;36m[debug] [region 1] 2 handle raft message MsgAppend from 3 to 2[0m
2025/12/20 22:37:20.230468 peer_msg_handler.go:287: [0;36m[debug] [region 1] 4 handle raft message MsgAppend from 3 to 4[0m
2025/12/20 22:37:20.230546 peer_msg_handler.go:335: [0;36m[debug] [region 1] handle raft message region_id:1 from_peer:<id:3 store_id:3 > to_peer:<id:4 store_id:4 > message:<msg_type:MsgAppend to:4 from:3 term:7 log_term:7 index:11 entries:<term:7 index:12 data:"\n\016\010\001\022\004\010\003\020\003\"\004\010\001\020\001\022\"\010\003\"\036\n\007default\022\n0 00000003\032\007x 0 3 y" > commit:12 > region_epoch:<conf_ver:1 version:1 >  from 3 to 4[0m
2025/12/20 22:37:20.230585 peer_msg_handler.go:335: [0;36m[debug] [region 1] handle raft message region_id:1 from_peer:<id:3 store_id:3 > to_peer:<id:2 store_id:2 > message:<msg_type:MsgAppend to:2 from:3 term:7 log_term:7 index:11 entries:<term:7 index:12 data:"\n\016\010\001\022\004\010\003\020\003\"\004\010\001\020\001\022\"\010\003\"\036\n\007default\022\n0 00000003\032\007x 0 3 y" > commit:12 > region_epoch:<conf_ver:1 version:1 >  from 3 to 2[0m
2025/12/20 22:37:20.230394 peer_msg_handler.go:287: [0;36m[debug] [region 1] 1 handle raft message MsgAppend from 3 to 1[0m
2025/12/20 22:37:20.230930 peer_msg_handler.go:335: [0;36m[debug] [region 1] handle raft message region_id:1 from_peer:<id:3 store_id:3 > to_peer:<id:1 store_id:1 > message:<msg_type:MsgAppend to:1 from:3 term:7 log_term:7 index:12 commit:12 > region_epoch:<conf_ver:1 version:1 >  from 3 to 1[0m
2025/12/20 22:37:20.230420 peer_msg_handler.go:287: [0;36m[debug] [region 1] 5 handle raft message MsgAppend from 3 to 5[0m
2025/12/20 22:37:20.231058 peer_msg_handler.go:335: [0;36m[debug] [region 1] handle raft message region_id:1 from_peer:<id:3 store_id:3 > to_peer:<id:5 store_id:5 > message:<msg_type:MsgAppend to:5 from:3 term:7 log_term:7 index:12 commit:12 > region_epoch:<conf_ver:1 version:1 >  from 3 to 5[0m
2025/12/20 22:37:20.232198 peer_msg_handler.go:287: [0;36m[debug] [region 1] 3 handle raft message MsgAppendResponse from 2 to 3[0m
2025/12/20 22:37:20.232262 peer_msg_handler.go:335: [0;36m[debug] [region 1] handle raft message region_id:1 from_peer:<id:2 store_id:2 > to_peer:<id:3 store_id:3 > message:<msg_type:MsgAppendResponse to:3 from:2 term:7 index:12 > region_epoch:<conf_ver:1 version:1 >  from 2 to 3[0m
2025/12/20 22:37:20.232271 peer_msg_handler.go:287: [0;36m[debug] [region 1] 3 handle raft message MsgAppendResponse from 4 to 3[0m
2025/12/20 22:37:20.232286 peer_msg_handler.go:335: [0;36m[debug] [region 1] handle raft message region_id:1 from_peer:<id:4 store_id:4 > to_peer:<id:3 store_id:3 > message:<msg_type:MsgAppendResponse to:3 from:4 term:7 index:12 > region_epoch:<conf_ver:1 version:1 >  from 4 to 3[0m
2025/12/20 22:37:20.232795 peer.go:373: [0;36m[debug] [region 1] 4, send raft msg MsgAppendResponse from {4 4 {} [] 0} to id:3 store_id:3 [0m
2025/12/20 22:37:20.232882 log.go:93: [0;36m[debug] [header:<region_id:1 peer:<id:3 store_id:3 > region_epoch:<conf_ver:1 version:1 > > requests:<cmd_type:Put put:<cf:"default" key:"0 00000003" value:"x 0 3 y" > > ]
[0m
2025/12/20 22:37:20.233851 peer.go:373: [0;36m[debug] [region 1] 2, send raft msg MsgAppendResponse from {2 2 {} [] 0} to id:3 store_id:3 [0m
2025/12/20 22:37:20.233917 log.go:93: [0;36m[debug] [header:<region_id:1 peer:<id:3 store_id:3 > region_epoch:<conf_ver:1 version:1 > > requests:<cmd_type:Put put:<cf:"default" key:"0 00000003" value:"x 0 3 y" > > ]
[0m
2025/12/20 22:37:20.234218 peer.go:373: [0;36m[debug] [region 1] 1, send raft msg MsgAppendResponse from {1 1 {} [] 0} to id:3 store_id:3 [0m
2025/12/20 22:37:20.234291 log.go:93: [0;36m[debug] [header:<region_id:1 peer:<id:3 store_id:3 > region_epoch:<conf_ver:1 version:1 > > requests:<cmd_type:Put put:<cf:"default" key:"0 00000003" value:"x 0 3 y" > > ]
[0m
2025/12/20 22:37:20.235254 peer.go:373: [0;36m[debug] [region 1] 5, send raft msg MsgAppendResponse from {5 5 {} [] 0} to id:3 store_id:3 [0m
2025/12/20 22:37:20.235324 log.go:93: [0;36m[debug] [header:<region_id:1 peer:<id:3 store_id:3 > region_epoch:<conf_ver:1 version:1 > > requests:<cmd_type:Put put:<cf:"default" key:"0 00000003" value:"x 0 3 y" > > ]
[0m
2025/12/20 22:37:20.236041 peer.go:373: [0;36m[debug] [region 1] 3, send raft msg MsgAppend from {3 3 {} [] 0} to id:1 store_id:1 [0m
2025/12/20 22:37:20.236114 peer.go:373: [0;36m[debug] [region 1] 3, send raft msg MsgAppend from {3 3 {} [] 0} to id:2 store_id:2 [0m
2025/12/20 22:37:20.236124 peer.go:373: [0;36m[debug] [region 1] 3, send raft msg MsgAppend from {3 3 {} [] 0} to id:4 store_id:4 [0m
2025/12/20 22:37:20.236130 peer.go:373: [0;36m[debug] [region 1] 3, send raft msg MsgAppend from {3 3 {} [] 0} to id:5 store_id:5 [0m
2025/12/20 22:37:20.236139 peer_msg_handler.go:287: [0;36m[debug] [region 1] 3 handle raft message MsgAppendResponse from 4 to 3[0m
2025/12/20 22:37:20.236162 peer_msg_handler.go:335: [0;36m[debug] [region 1] handle raft message region_id:1 from_peer:<id:4 store_id:4 > to_peer:<id:3 store_id:3 > message:<msg_type:MsgAppendResponse to:3 from:4 term:7 index:12 > region_epoch:<conf_ver:1 version:1 >  from 4 to 3[0m
2025/12/20 22:37:20.236170 peer_msg_handler.go:287: [0;36m[debug] [region 1] 3 handle raft message MsgAppendResponse from 2 to 3[0m
2025/12/20 22:37:20.236184 peer_msg_handler.go:335: [0;36m[debug] [region 1] handle raft message region_id:1 from_peer:<id:2 store_id:2 > to_peer:<id:3 store_id:3 > message:<msg_type:MsgAppendResponse to:3 from:2 term:7 index:12 > region_epoch:<conf_ver:1 version:1 >  from 2 to 3[0m
2025/12/20 22:37:20.236189 peer_msg_handler.go:287: [0;36m[debug] [region 1] 3 handle raft message MsgAppendResponse from 1 to 3[0m
2025/12/20 22:37:20.236250 peer_msg_handler.go:335: [0;36m[debug] [region 1] handle raft message region_id:1 from_peer:<id:1 store_id:1 > to_peer:<id:3 store_id:3 > message:<msg_type:MsgAppendResponse to:3 from:1 term:7 index:12 > region_epoch:<conf_ver:1 version:1 >  from 1 to 3[0m
2025/12/20 22:37:20.236255 peer_msg_handler.go:287: [0;36m[debug] [region 1] 3 handle raft message MsgAppendResponse from 5 to 3[0m
2025/12/20 22:37:20.236269 peer_msg_handler.go:335: [0;36m[debug] [region 1] handle raft message region_id:1 from_peer:<id:5 store_id:5 > to_peer:<id:3 store_id:3 > message:<msg_type:MsgAppendResponse to:3 from:5 term:7 index:12 > region_epoch:<conf_ver:1 version:1 >  from 5 to 3[0m
2025/12/20 22:37:20.236835 peer_msg_handler.go:287: [0;36m[debug] [region 1] 4 handle raft message MsgAppend from 3 to 4[0m
2025/12/20 22:37:20.236928 peer_msg_handler.go:335: [0;36m[debug] [region 1] handle raft message region_id:1 from_peer:<id:3 store_id:3 > to_peer:<id:4 store_id:4 > message:<msg_type:MsgAppend to:4 from:3 term:7 log_term:7 index:12 entries:<term:7 index:13 data:"\n\016\010\001\022\004\010\003\020\003\"\004\010\001\020\001\022\004\010\0052\000" > commit:12 > region_epoch:<conf_ver:1 version:1 >  from 3 to 4[0m
2025/12/20 22:37:20.237071 peer_msg_handler.go:287: [0;36m[debug] [region 1] 1 handle raft message MsgAppend from 3 to 1[0m
2025/12/20 22:37:20.237119 peer_msg_handler.go:287: [0;36m[debug] [region 1] 5 handle raft message MsgAppend from 3 to 5[0m
2025/12/20 22:37:20.237152 peer_msg_handler.go:335: [0;36m[debug] [region 1] handle raft message region_id:1 from_peer:<id:3 store_id:3 > to_peer:<id:1 store_id:1 > message:<msg_type:MsgAppend to:1 from:3 term:7 log_term:7 index:12 entries:<term:7 index:13 data:"\n\016\010\001\022\004\010\003\020\003\"\004\010\001\020\001\022\004\010\0052\000" > commit:12 > region_epoch:<conf_ver:1 version:1 >  from 3 to 1[0m
2025/12/20 22:37:20.237189 peer_msg_handler.go:335: [0;36m[debug] [region 1] handle raft message region_id:1 from_peer:<id:3 store_id:3 > to_peer:<id:5 store_id:5 > message:<msg_type:MsgAppend to:5 from:3 term:7 log_term:7 index:12 entries:<term:7 index:13 data:"\n\016\010\001\022\004\010\003\020\003\"\004\010\001\020\001\022\004\010\0052\000" > commit:12 > region_epoch:<conf_ver:1 version:1 >  from 3 to 5[0m
2025/12/20 22:37:20.237195 peer_msg_handler.go:287: [0;36m[debug] [region 1] 2 handle raft message MsgAppend from 3 to 2[0m
2025/12/20 22:37:20.237503 peer_msg_handler.go:335: [0;36m[debug] [region 1] handle raft message region_id:1 from_peer:<id:3 store_id:3 > to_peer:<id:2 store_id:2 > message:<msg_type:MsgAppend to:2 from:3 term:7 log_term:7 index:12 entries:<term:7 index:13 data:"\n\016\010\001\022\004\010\003\020\003\"\004\010\001\020\001\022\004\010\0052\000" > commit:12 > region_epoch:<conf_ver:1 version:1 >  from 3 to 2[0m
2025/12/20 22:37:20.238579 split_checker.go:45: [0;36m[debug] executing split check worker.Task: [regionId: 1, startKey: , endKey: ][0m
2025/12/20 22:37:20.238651 split_checker.go:68: [0;36m[debug] no need to send, split key not found: [regionId: 1][0m
2025/12/20 22:37:20.238685 peer.go:373: [0;36m[debug] [region 1] 1, send raft msg MsgAppendResponse from {1 1 {} [] 0} to id:3 store_id:3 [0m
2025/12/20 22:37:20.238776 peer_msg_handler.go:287: [0;36m[debug] [region 1] 3 handle raft message MsgAppendResponse from 1 to 3[0m
2025/12/20 22:37:20.238983 peer_msg_handler.go:335: [0;36m[debug] [region 1] handle raft message region_id:1 from_peer:<id:1 store_id:1 > to_peer:<id:3 store_id:3 > message:<msg_type:MsgAppendResponse to:3 from:1 term:7 index:13 > region_epoch:<conf_ver:1 version:1 >  from 1 to 3[0m
2025/12/20 22:37:20.239475 peer.go:373: [0;36m[debug] [region 1] 5, send raft msg MsgAppendResponse from {5 5 {} [] 0} to id:3 store_id:3 [0m
2025/12/20 22:37:20.239529 peer_msg_handler.go:287: [0;36m[debug] [region 1] 3 handle raft message MsgAppendResponse from 5 to 3[0m
2025/12/20 22:37:20.239539 peer.go:373: [0;36m[debug] [region 1] 2, send raft msg MsgAppendResponse from {2 2 {} [] 0} to id:3 store_id:3 [0m
2025/12/20 22:37:20.239551 peer_msg_handler.go:335: [0;36m[debug] [region 1] handle raft message region_id:1 from_peer:<id:5 store_id:5 > to_peer:<id:3 store_id:3 > message:<msg_type:MsgAppendResponse to:3 from:5 term:7 index:13 > region_epoch:<conf_ver:1 version:1 >  from 5 to 3[0m
2025/12/20 22:37:20.239644 peer.go:373: [0;36m[debug] [region 1] 4, send raft msg MsgAppendResponse from {4 4 {} [] 0} to id:3 store_id:3 [0m
2025/12/20 22:37:20.241185 peer.go:373: [0;36m[debug] [region 1] 3, send raft msg MsgAppend from {3 3 {} [] 0} to id:1 store_id:1 [0m
2025/12/20 22:37:20.241249 peer.go:373: [0;36m[debug] [region 1] 3, send raft msg MsgAppend from {3 3 {} [] 0} to id:2 store_id:2 [0m
2025/12/20 22:37:20.241261 peer.go:373: [0;36m[debug] [region 1] 3, send raft msg MsgAppend from {3 3 {} [] 0} to id:4 store_id:4 [0m
2025/12/20 22:37:20.241268 peer.go:373: [0;36m[debug] [region 1] 3, send raft msg MsgAppend from {3 3 {} [] 0} to id:5 store_id:5 [0m
2025/12/20 22:37:20.241305 peer_msg_handler.go:287: [0;36m[debug] [region 1] 1 handle raft message MsgAppend from 3 to 1[0m
2025/12/20 22:37:20.241338 peer_msg_handler.go:287: [0;36m[debug] [region 1] 4 handle raft message MsgAppend from 3 to 4[0m
2025/12/20 22:37:20.241370 peer_msg_handler.go:335: [0;36m[debug] [region 1] handle raft message region_id:1 from_peer:<id:3 store_id:3 > to_peer:<id:1 store_id:1 > message:<msg_type:MsgAppend to:1 from:3 term:7 log_term:7 index:13 commit:13 > region_epoch:<conf_ver:1 version:1 >  from 3 to 1[0m
2025/12/20 22:37:20.241378 peer_msg_handler.go:335: [0;36m[debug] [region 1] handle raft message region_id:1 from_peer:<id:3 store_id:3 > to_peer:<id:4 store_id:4 > message:<msg_type:MsgAppend to:4 from:3 term:7 log_term:7 index:12 entries:<term:7 index:13 data:"\n\016\010\001\022\004\010\003\020\003\"\004\010\001\020\001\022\004\010\0052\000" > commit:13 > region_epoch:<conf_ver:1 version:1 >  from 3 to 4[0m
2025/12/20 22:37:20.241309 log.go:93: [0;36m[debug] [header:<region_id:1 peer:<id:3 store_id:3 > region_epoch:<conf_ver:1 version:1 > > requests:<cmd_type:Snap snap:<> > ]
[0m
2025/12/20 22:37:20.241326 peer_msg_handler.go:287: [0;36m[debug] [region 1] 5 handle raft message MsgAppend from 3 to 5[0m
2025/12/20 22:37:20.241934 peer_msg_handler.go:335: [0;36m[debug] [region 1] handle raft message region_id:1 from_peer:<id:3 store_id:3 > to_peer:<id:5 store_id:5 > message:<msg_type:MsgAppend to:5 from:3 term:7 log_term:7 index:13 commit:13 > region_epoch:<conf_ver:1 version:1 >  from 3 to 5[0m
2025/12/20 22:37:20.241333 peer_msg_handler.go:287: [0;36m[debug] [region 1] 2 handle raft message MsgAppend from 3 to 2[0m
2025/12/20 22:37:20.242131 peer_msg_handler.go:335: [0;36m[debug] [region 1] handle raft message region_id:1 from_peer:<id:3 store_id:3 > to_peer:<id:2 store_id:2 > message:<msg_type:MsgAppend to:2 from:3 term:7 log_term:7 index:12 entries:<term:7 index:13 data:"\n\016\010\001\022\004\010\003\020\003\"\004\010\001\020\001\022\004\010\0052\000" > commit:13 > region_epoch:<conf_ver:1 version:1 >  from 3 to 2[0m
2025/12/20 22:37:20.242967 peer.go:373: [0;36m[debug] [region 1] 4, send raft msg MsgAppendResponse from {4 4 {} [] 0} to id:3 store_id:3 [0m
2025/12/20 22:37:20.243042 log.go:93: [0;36m[debug] [header:<region_id:1 peer:<id:3 store_id:3 > region_epoch:<conf_ver:1 version:1 > > requests:<cmd_type:Snap snap:<> > ]
[0m
2025/12/20 22:37:20.243719 peer.go:373: [0;36m[debug] [region 1] 1, send raft msg MsgAppendResponse from {1 1 {} [] 0} to id:3 store_id:3 [0m
2025/12/20 22:37:20.243784 log.go:93: [0;36m[debug] [header:<region_id:1 peer:<id:3 store_id:3 > region_epoch:<conf_ver:1 version:1 > > requests:<cmd_type:Snap snap:<> > ]
[0m
2025/12/20 22:37:20.244586 peer_msg_handler.go:287: [0;36m[debug] [region 1] 3 handle raft message MsgAppendResponse from 2 to 3[0m
2025/12/20 22:37:20.244658 peer_msg_handler.go:335: [0;36m[debug] [region 1] handle raft message region_id:1 from_peer:<id:2 store_id:2 > to_peer:<id:3 store_id:3 > message:<msg_type:MsgAppendResponse to:3 from:2 term:7 index:13 > region_epoch:<conf_ver:1 version:1 >  from 2 to 3[0m
2025/12/20 22:37:20.244667 peer_msg_handler.go:287: [0;36m[debug] [region 1] 3 handle raft message MsgAppendResponse from 4 to 3[0m
2025/12/20 22:37:20.244682 peer_msg_handler.go:335: [0;36m[debug] [region 1] handle raft message region_id:1 from_peer:<id:4 store_id:4 > to_peer:<id:3 store_id:3 > message:<msg_type:MsgAppendResponse to:3 from:4 term:7 index:13 > region_epoch:<conf_ver:1 version:1 >  from 4 to 3[0m
2025/12/20 22:37:20.244698 peer_msg_handler.go:287: [0;36m[debug] [region 1] 3 handle raft message MsgAppendResponse from 4 to 3[0m
2025/12/20 22:37:20.244712 peer_msg_handler.go:335: [0;36m[debug] [region 1] handle raft message region_id:1 from_peer:<id:4 store_id:4 > to_peer:<id:3 store_id:3 > message:<msg_type:MsgAppendResponse to:3 from:4 term:7 index:13 > region_epoch:<conf_ver:1 version:1 >  from 4 to 3[0m
2025/12/20 22:37:20.244717 peer_msg_handler.go:287: [0;36m[debug] [region 1] 3 handle raft message MsgAppendResponse from 1 to 3[0m
2025/12/20 22:37:20.244731 peer_msg_handler.go:335: [0;36m[debug] [region 1] handle raft message region_id:1 from_peer:<id:1 store_id:1 > to_peer:<id:3 store_id:3 > message:<msg_type:MsgAppendResponse to:3 from:1 term:7 index:13 > region_epoch:<conf_ver:1 version:1 >  from 1 to 3[0m
2025/12/20 22:37:20.245326 peer.go:373: [0;36m[debug] [region 1] 2, send raft msg MsgAppendResponse from {2 2 {} [] 0} to id:3 store_id:3 [0m
2025/12/20 22:37:20.245399 log.go:93: [0;36m[debug] [header:<region_id:1 peer:<id:3 store_id:3 > region_epoch:<conf_ver:1 version:1 > > requests:<cmd_type:Snap snap:<> > ]
[0m
2025/12/20 22:37:20.245324 peer.go:373: [0;36m[debug] [region 1] 5, send raft msg MsgAppendResponse from {5 5 {} [] 0} to id:3 store_id:3 [0m
2025/12/20 22:37:20.245549 log.go:93: [0;36m[debug] [header:<region_id:1 peer:<id:3 store_id:3 > region_epoch:<conf_ver:1 version:1 > > requests:<cmd_type:Snap snap:<> > ]
[0m
2025/12/20 22:37:20.246731 peer.go:373: [0;36m[debug] [region 1] 3, send raft msg MsgAppend from {3 3 {} [] 0} to id:1 store_id:1 [0m
2025/12/20 22:37:20.246804 peer.go:373: [0;36m[debug] [region 1] 3, send raft msg MsgAppend from {3 3 {} [] 0} to id:2 store_id:2 [0m
2025/12/20 22:37:20.246814 peer.go:373: [0;36m[debug] [region 1] 3, send raft msg MsgAppend from {3 3 {} [] 0} to id:4 store_id:4 [0m
2025/12/20 22:37:20.246821 peer.go:373: [0;36m[debug] [region 1] 3, send raft msg MsgAppend from {3 3 {} [] 0} to id:5 store_id:5 [0m
2025/12/20 22:37:20.246830 peer_msg_handler.go:287: [0;36m[debug] [region 1] 3 handle raft message MsgAppendResponse from 2 to 3[0m
2025/12/20 22:37:20.246859 peer_msg_handler.go:335: [0;36m[debug] [region 1] handle raft message region_id:1 from_peer:<id:2 store_id:2 > to_peer:<id:3 store_id:3 > message:<msg_type:MsgAppendResponse to:3 from:2 term:7 index:13 > region_epoch:<conf_ver:1 version:1 >  from 2 to 3[0m
2025/12/20 22:37:20.246866 peer_msg_handler.go:287: [0;36m[debug] [region 1] 3 handle raft message MsgAppendResponse from 5 to 3[0m
2025/12/20 22:37:20.246883 peer_msg_handler.go:335: [0;36m[debug] [region 1] handle raft message region_id:1 from_peer:<id:5 store_id:5 > to_peer:<id:3 store_id:3 > message:<msg_type:MsgAppendResponse to:3 from:5 term:7 index:13 > region_epoch:<conf_ver:1 version:1 >  from 5 to 3[0m
2025/12/20 22:37:20.246879 peer_msg_handler.go:287: [0;36m[debug] [region 1] 1 handle raft message MsgAppend from 3 to 1[0m
2025/12/20 22:37:20.246912 peer_msg_handler.go:287: [0;36m[debug] [region 1] 4 handle raft message MsgAppend from 3 to 4[0m
2025/12/20 22:37:20.246937 peer_msg_handler.go:335: [0;36m[debug] [region 1] handle raft message region_id:1 from_peer:<id:3 store_id:3 > to_peer:<id:1 store_id:1 > message:<msg_type:MsgAppend to:1 from:3 term:7 log_term:7 index:13 entries:<term:7 index:14 data:"\n\016\010\001\022\004\010\003\020\003\"\004\010\001\020\001\022\004\010\0052\000" > commit:13 > region_epoch:<conf_ver:1 version:1 >  from 3 to 1[0m
2025/12/20 22:37:20.246969 peer_msg_handler.go:335: [0;36m[debug] [region 1] handle raft message region_id:1 from_peer:<id:3 store_id:3 > to_peer:<id:4 store_id:4 > message:<msg_type:MsgAppend to:4 from:3 term:7 log_term:7 index:13 entries:<term:7 index:14 data:"\n\016\010\001\022\004\010\003\020\003\"\004\010\001\020\001\022\004\010\0052\000" > commit:13 > region_epoch:<conf_ver:1 version:1 >  from 3 to 4[0m
2025/12/20 22:37:20.247523 peer_msg_handler.go:287: [0;36m[debug] [region 1] 2 handle raft message MsgAppend from 3 to 2[0m
2025/12/20 22:37:20.247607 peer_msg_handler.go:335: [0;36m[debug] [region 1] handle raft message region_id:1 from_peer:<id:3 store_id:3 > to_peer:<id:2 store_id:2 > message:<msg_type:MsgAppend to:2 from:3 term:7 log_term:7 index:13 entries:<term:7 index:14 data:"\n\016\010\001\022\004\010\003\020\003\"\004\010\001\020\001\022\004\010\0052\000" > commit:13 > region_epoch:<conf_ver:1 version:1 >  from 3 to 2[0m
2025/12/20 22:37:20.248129 peer_msg_handler.go:287: [0;36m[debug] [region 1] 5 handle raft message MsgAppend from 3 to 5[0m
2025/12/20 22:37:20.248218 peer_msg_handler.go:335: [0;36m[debug] [region 1] handle raft message region_id:1 from_peer:<id:3 store_id:3 > to_peer:<id:5 store_id:5 > message:<msg_type:MsgAppend to:5 from:3 term:7 log_term:7 index:13 entries:<term:7 index:14 data:"\n\016\010\001\022\004\010\003\020\003\"\004\010\001\020\001\022\004\010\0052\000" > commit:13 > region_epoch:<conf_ver:1 version:1 >  from 3 to 5[0m
2025/12/20 22:37:20.248853 peer.go:373: [0;36m[debug] [region 1] 1, send raft msg MsgAppendResponse from {1 1 {} [] 0} to id:3 store_id:3 [0m
2025/12/20 22:37:20.248920 peer_msg_handler.go:287: [0;36m[debug] [region 1] 3 handle raft message MsgAppendResponse from 1 to 3[0m
2025/12/20 22:37:20.248942 peer_msg_handler.go:335: [0;36m[debug] [region 1] handle raft message region_id:1 from_peer:<id:1 store_id:1 > to_peer:<id:3 store_id:3 > message:<msg_type:MsgAppendResponse to:3 from:1 term:7 index:14 > region_epoch:<conf_ver:1 version:1 >  from 1 to 3[0m
2025/12/20 22:37:20.249465 peer.go:373: [0;36m[debug] [region 1] 4, send raft msg MsgAppendResponse from {4 4 {} [] 0} to id:3 store_id:3 [0m
2025/12/20 22:37:20.249536 peer_msg_handler.go:287: [0;36m[debug] [region 1] 3 handle raft message MsgAppendResponse from 4 to 3[0m
2025/12/20 22:37:20.249560 peer_msg_handler.go:335: [0;36m[debug] [region 1] handle raft message region_id:1 from_peer:<id:4 store_id:4 > to_peer:<id:3 store_id:3 > message:<msg_type:MsgAppendResponse to:3 from:4 term:7 index:14 > region_epoch:<conf_ver:1 version:1 >  from 4 to 3[0m
2025/12/20 22:37:20.250087 peer.go:373: [0;36m[debug] [region 1] 2, send raft msg MsgAppendResponse from {2 2 {} [] 0} to id:3 store_id:3 [0m
2025/12/20 22:37:20.250743 peer.go:373: [0;36m[debug] [region 1] 5, send raft msg MsgAppendResponse from {5 5 {} [] 0} to id:3 store_id:3 [0m
2025/12/20 22:37:20.251356 peer.go:373: [0;36m[debug] [region 1] 3, send raft msg MsgAppend from {3 3 {} [] 0} to id:1 store_id:1 [0m
2025/12/20 22:37:20.251392 peer.go:373: [0;36m[debug] [region 1] 3, send raft msg MsgAppend from {3 3 {} [] 0} to id:2 store_id:2 [0m
2025/12/20 22:37:20.251400 peer.go:373: [0;36m[debug] [region 1] 3, send raft msg MsgAppend from {3 3 {} [] 0} to id:4 store_id:4 [0m
2025/12/20 22:37:20.251406 peer.go:373: [0;36m[debug] [region 1] 3, send raft msg MsgAppend from {3 3 {} [] 0} to id:5 store_id:5 [0m
2025/12/20 22:37:20.251431 log.go:93: [0;36m[debug] [header:<region_id:1 peer:<id:3 store_id:3 > region_epoch:<conf_ver:1 version:1 > > requests:<cmd_type:Snap snap:<> > ]
[0m
2025/12/20 22:37:20.251472 peer_msg_handler.go:287: [0;36m[debug] [region 1] 2 handle raft message MsgAppend from 3 to 2[0m
2025/12/20 22:37:20.251515 peer_msg_handler.go:287: [0;36m[debug] [region 1] 5 handle raft message MsgAppend from 3 to 5[0m
2025/12/20 22:37:20.251563 peer_msg_handler.go:335: [0;36m[debug] [region 1] handle raft message region_id:1 from_peer:<id:3 store_id:3 > to_peer:<id:5 store_id:5 > message:<msg_type:MsgAppend to:5 from:3 term:7 log_term:7 index:13 entries:<term:7 index:14 data:"\n\016\010\001\022\004\010\003\020\003\"\004\010\001\020\001\022\004\010\0052\000" > commit:14 > region_epoch:<conf_ver:1 version:1 >  from 3 to 5[0m
2025/12/20 22:37:20.251564 peer_msg_handler.go:335: [0;36m[debug] [region 1] handle raft message region_id:1 from_peer:<id:3 store_id:3 > to_peer:<id:2 store_id:2 > message:<msg_type:MsgAppend to:2 from:3 term:7 log_term:7 index:13 entries:<term:7 index:14 data:"\n\016\010\001\022\004\010\003\020\003\"\004\010\001\020\001\022\004\010\0052\000" > commit:14 > region_epoch:<conf_ver:1 version:1 >  from 3 to 2[0m
2025/12/20 22:37:20.251582 peer_msg_handler.go:287: [0;36m[debug] [region 1] 4 handle raft message MsgAppend from 3 to 4[0m
2025/12/20 22:37:20.251493 peer_msg_handler.go:287: [0;36m[debug] [region 1] 1 handle raft message MsgAppend from 3 to 1[0m
2025/12/20 22:37:20.251642 peer_msg_handler.go:335: [0;36m[debug] [region 1] handle raft message region_id:1 from_peer:<id:3 store_id:3 > to_peer:<id:1 store_id:1 > message:<msg_type:MsgAppend to:1 from:3 term:7 log_term:7 index:14 commit:14 > region_epoch:<conf_ver:1 version:1 >  from 3 to 1[0m
2025/12/20 22:37:20.251646 peer_msg_handler.go:335: [0;36m[debug] [region 1] handle raft message region_id:1 from_peer:<id:3 store_id:3 > to_peer:<id:4 store_id:4 > message:<msg_type:MsgAppend to:4 from:3 term:7 log_term:7 index:14 commit:14 > region_epoch:<conf_ver:1 version:1 >  from 3 to 4[0m
2025/12/20 22:37:20.253025 peer_msg_handler.go:287: [0;36m[debug] [region 1] 3 handle raft message MsgAppendResponse from 2 to 3[0m
2025/12/20 22:37:20.253098 peer_msg_handler.go:335: [0;36m[debug] [region 1] handle raft message region_id:1 from_peer:<id:2 store_id:2 > to_peer:<id:3 store_id:3 > message:<msg_type:MsgAppendResponse to:3 from:2 term:7 index:14 > region_epoch:<conf_ver:1 version:1 >  from 2 to 3[0m
2025/12/20 22:37:20.253112 peer_msg_handler.go:287: [0;36m[debug] [region 1] 3 handle raft message MsgAppendResponse from 5 to 3[0m
2025/12/20 22:37:20.253127 peer_msg_handler.go:335: [0;36m[debug] [region 1] handle raft message region_id:1 from_peer:<id:5 store_id:5 > to_peer:<id:3 store_id:3 > message:<msg_type:MsgAppendResponse to:3 from:5 term:7 index:14 > region_epoch:<conf_ver:1 version:1 >  from 5 to 3[0m
2025/12/20 22:37:20.254115 peer.go:373: [0;36m[debug] [region 1] 5, send raft msg MsgAppendResponse from {5 5 {} [] 0} to id:3 store_id:3 [0m
2025/12/20 22:37:20.254205 log.go:93: [0;36m[debug] [header:<region_id:1 peer:<id:3 store_id:3 > region_epoch:<conf_ver:1 version:1 > > requests:<cmd_type:Snap snap:<> > ]
[0m
2025/12/20 22:37:20.254494 peer.go:373: [0;36m[debug] [region 1] 2, send raft msg MsgAppendResponse from {2 2 {} [] 0} to id:3 store_id:3 [0m
2025/12/20 22:37:20.254569 log.go:93: [0;36m[debug] [header:<region_id:1 peer:<id:3 store_id:3 > region_epoch:<conf_ver:1 version:1 > > requests:<cmd_type:Snap snap:<> > ]
[0m
2025/12/20 22:37:20.254647 peer.go:373: [0;36m[debug] [region 1] 1, send raft msg MsgAppendResponse from {1 1 {} [] 0} to id:3 store_id:3 [0m
2025/12/20 22:37:20.254682 peer.go:373: [0;36m[debug] [region 1] 4, send raft msg MsgAppendResponse from {4 4 {} [] 0} to id:3 store_id:3 [0m
2025/12/20 22:37:20.254713 log.go:93: [0;36m[debug] [header:<region_id:1 peer:<id:3 store_id:3 > region_epoch:<conf_ver:1 version:1 > > requests:<cmd_type:Snap snap:<> > ]
[0m
2025/12/20 22:37:20.254759 log.go:93: [0;36m[debug] [header:<region_id:1 peer:<id:3 store_id:3 > region_epoch:<conf_ver:1 version:1 > > requests:<cmd_type:Snap snap:<> > ]
[0m
2025/12/20 22:37:20.255435 peer.go:373: [0;36m[debug] [region 1] 3, send raft msg MsgAppend from {3 3 {} [] 0} to id:1 store_id:1 [0m
2025/12/20 22:37:20.255480 peer.go:373: [0;36m[debug] [region 1] 3, send raft msg MsgAppend from {3 3 {} [] 0} to id:2 store_id:2 [0m
2025/12/20 22:37:20.255490 peer.go:373: [0;36m[debug] [region 1] 3, send raft msg MsgAppend from {3 3 {} [] 0} to id:4 store_id:4 [0m
2025/12/20 22:37:20.255506 peer.go:373: [0;36m[debug] [region 1] 3, send raft msg MsgAppend from {3 3 {} [] 0} to id:5 store_id:5 [0m
2025/12/20 22:37:20.255515 peer_msg_handler.go:287: [0;36m[debug] [region 1] 3 handle raft message MsgAppendResponse from 5 to 3[0m
2025/12/20 22:37:20.255536 peer_msg_handler.go:335: [0;36m[debug] [region 1] handle raft message region_id:1 from_peer:<id:5 store_id:5 > to_peer:<id:3 store_id:3 > message:<msg_type:MsgAppendResponse to:3 from:5 term:7 index:14 > region_epoch:<conf_ver:1 version:1 >  from 5 to 3[0m
2025/12/20 22:37:20.255544 peer_msg_handler.go:287: [0;36m[debug] [region 1] 3 handle raft message MsgAppendResponse from 2 to 3[0m
2025/12/20 22:37:20.255558 peer_msg_handler.go:335: [0;36m[debug] [region 1] handle raft message region_id:1 from_peer:<id:2 store_id:2 > to_peer:<id:3 store_id:3 > message:<msg_type:MsgAppendResponse to:3 from:2 term:7 index:14 > region_epoch:<conf_ver:1 version:1 >  from 2 to 3[0m
2025/12/20 22:37:20.255585 peer_msg_handler.go:287: [0;36m[debug] [region 1] 3 handle raft message MsgAppendResponse from 1 to 3[0m
2025/12/20 22:37:20.255601 peer_msg_handler.go:335: [0;36m[debug] [region 1] handle raft message region_id:1 from_peer:<id:1 store_id:1 > to_peer:<id:3 store_id:3 > message:<msg_type:MsgAppendResponse to:3 from:1 term:7 index:14 > region_epoch:<conf_ver:1 version:1 >  from 1 to 3[0m
2025/12/20 22:37:20.255609 peer_msg_handler.go:287: [0;36m[debug] [region 1] 3 handle raft message MsgAppendResponse from 4 to 3[0m
2025/12/20 22:37:20.255625 peer_msg_handler.go:335: [0;36m[debug] [region 1] handle raft message region_id:1 from_peer:<id:4 store_id:4 > to_peer:<id:3 store_id:3 > message:<msg_type:MsgAppendResponse to:3 from:4 term:7 index:14 > region_epoch:<conf_ver:1 version:1 >  from 4 to 3[0m
2025/12/20 22:37:20.256126 peer_msg_handler.go:287: [0;36m[debug] [region 1] 1 handle raft message MsgAppend from 3 to 1[0m
2025/12/20 22:37:20.256159 peer_msg_handler.go:287: [0;36m[debug] [region 1] 5 handle raft message MsgAppend from 3 to 5[0m
2025/12/20 22:37:20.256184 peer_msg_handler.go:335: [0;36m[debug] [region 1] handle raft message region_id:1 from_peer:<id:3 store_id:3 > to_peer:<id:1 store_id:1 > message:<msg_type:MsgAppend to:1 from:3 term:7 log_term:7 index:14 entries:<term:7 index:15 data:"\n\016\010\001\022\004\010\003\020\003\"\004\010\001\020\001\022\"\010\003\"\036\n\007default\022\n0 00000004\032\007x 0 4 y" > commit:14 > region_epoch:<conf_ver:1 version:1 >  from 3 to 1[0m
2025/12/20 22:37:20.256213 peer_msg_handler.go:335: [0;36m[debug] [region 1] handle raft message region_id:1 from_peer:<id:3 store_id:3 > to_peer:<id:5 store_id:5 > message:<msg_type:MsgAppend to:5 from:3 term:7 log_term:7 index:14 entries:<term:7 index:15 data:"\n\016\010\001\022\004\010\003\020\003\"\004\010\001\020\001\022\"\010\003\"\036\n\007default\022\n0 00000004\032\007x 0 4 y" > commit:14 > region_epoch:<conf_ver:1 version:1 >  from 3 to 5[0m
2025/12/20 22:37:20.256264 peer_msg_handler.go:287: [0;36m[debug] [region 1] 2 handle raft message MsgAppend from 3 to 2[0m
2025/12/20 22:37:20.256315 peer_msg_handler.go:335: [0;36m[debug] [region 1] handle raft message region_id:1 from_peer:<id:3 store_id:3 > to_peer:<id:2 store_id:2 > message:<msg_type:MsgAppend to:2 from:3 term:7 log_term:7 index:14 entries:<term:7 index:15 data:"\n\016\010\001\022\004\010\003\020\003\"\004\010\001\020\001\022\"\010\003\"\036\n\007default\022\n0 00000004\032\007x 0 4 y" > commit:14 > region_epoch:<conf_ver:1 version:1 >  from 3 to 2[0m
2025/12/20 22:37:20.256372 peer_msg_handler.go:287: [0;36m[debug] [region 1] 4 handle raft message MsgAppend from 3 to 4[0m
2025/12/20 22:37:20.256552 peer_msg_handler.go:335: [0;36m[debug] [region 1] handle raft message region_id:1 from_peer:<id:3 store_id:3 > to_peer:<id:4 store_id:4 > message:<msg_type:MsgAppend to:4 from:3 term:7 log_term:7 index:14 entries:<term:7 index:15 data:"\n\016\010\001\022\004\010\003\020\003\"\004\010\001\020\001\022\"\010\003\"\036\n\007default\022\n0 00000004\032\007x 0 4 y" > commit:14 > region_epoch:<conf_ver:1 version:1 >  from 3 to 4[0m
2025/12/20 22:37:20.257612 peer.go:373: [0;36m[debug] [region 1] 5, send raft msg MsgAppendResponse from {5 5 {} [] 0} to id:3 store_id:3 [0m
2025/12/20 22:37:20.257654 peer_msg_handler.go:287: [0;36m[debug] [region 1] 3 handle raft message MsgAppendResponse from 5 to 3[0m
2025/12/20 22:37:20.257694 peer_msg_handler.go:335: [0;36m[debug] [region 1] handle raft message region_id:1 from_peer:<id:5 store_id:5 > to_peer:<id:3 store_id:3 > message:<msg_type:MsgAppendResponse to:3 from:5 term:7 index:15 > region_epoch:<conf_ver:1 version:1 >  from 5 to 3[0m
2025/12/20 22:37:20.258202 peer.go:373: [0;36m[debug] [region 1] 1, send raft msg MsgAppendResponse from {1 1 {} [] 0} to id:3 store_id:3 [0m
2025/12/20 22:37:20.258271 peer_msg_handler.go:287: [0;36m[debug] [region 1] 3 handle raft message MsgAppendResponse from 1 to 3[0m
2025/12/20 22:37:20.258304 peer_msg_handler.go:335: [0;36m[debug] [region 1] handle raft message region_id:1 from_peer:<id:1 store_id:1 > to_peer:<id:3 store_id:3 > message:<msg_type:MsgAppendResponse to:3 from:1 term:7 index:15 > region_epoch:<conf_ver:1 version:1 >  from 1 to 3[0m
2025/12/20 22:37:20.258771 peer.go:373: [0;36m[debug] [region 1] 2, send raft msg MsgAppendResponse from {2 2 {} [] 0} to id:3 store_id:3 [0m
2025/12/20 22:37:20.259635 peer.go:373: [0;36m[debug] [region 1] 3, send raft msg MsgAppend from {3 3 {} [] 0} to id:1 store_id:1 [0m
2025/12/20 22:37:20.259673 peer.go:373: [0;36m[debug] [region 1] 4, send raft msg MsgAppendResponse from {4 4 {} [] 0} to id:3 store_id:3 [0m
2025/12/20 22:37:20.259689 peer.go:373: [0;36m[debug] [region 1] 3, send raft msg MsgAppend from {3 3 {} [] 0} to id:2 store_id:2 [0m
2025/12/20 22:37:20.259701 peer.go:373: [0;36m[debug] [region 1] 3, send raft msg MsgAppend from {3 3 {} [] 0} to id:4 store_id:4 [0m
2025/12/20 22:37:20.259708 peer.go:373: [0;36m[debug] [region 1] 3, send raft msg MsgAppend from {3 3 {} [] 0} to id:5 store_id:5 [0m
2025/12/20 22:37:20.259710 peer_msg_handler.go:287: [0;36m[debug] [region 1] 1 handle raft message MsgAppend from 3 to 1[0m
2025/12/20 22:37:20.259744 log.go:93: [0;36m[debug] [header:<region_id:1 peer:<id:3 store_id:3 > region_epoch:<conf_ver:1 version:1 > > requests:<cmd_type:Put put:<cf:"default" key:"0 00000004" value:"x 0 4 y" > > ]
[0m
2025/12/20 22:37:20.259759 peer_msg_handler.go:335: [0;36m[debug] [region 1] handle raft message region_id:1 from_peer:<id:3 store_id:3 > to_peer:<id:1 store_id:1 > message:<msg_type:MsgAppend to:1 from:3 term:7 log_term:7 index:15 commit:15 > region_epoch:<conf_ver:1 version:1 >  from 3 to 1[0m
2025/12/20 22:37:20.259799 peer_msg_handler.go:287: [0;36m[debug] [region 1] 4 handle raft message MsgAppend from 3 to 4[0m
2025/12/20 22:37:20.259870 peer_msg_handler.go:287: [0;36m[debug] [region 1] 5 handle raft message MsgAppend from 3 to 5[0m
2025/12/20 22:37:20.259897 peer_msg_handler.go:335: [0;36m[debug] [region 1] handle raft message region_id:1 from_peer:<id:3 store_id:3 > to_peer:<id:4 store_id:4 > message:<msg_type:MsgAppend to:4 from:3 term:7 log_term:7 index:14 entries:<term:7 index:15 data:"\n\016\010\001\022\004\010\003\020\003\"\004\010\001\020\001\022\"\010\003\"\036\n\007default\022\n0 00000004\032\007x 0 4 y" > commit:15 > region_epoch:<conf_ver:1 version:1 >  from 3 to 4[0m
2025/12/20 22:37:20.259940 peer_msg_handler.go:335: [0;36m[debug] [region 1] handle raft message region_id:1 from_peer:<id:3 store_id:3 > to_peer:<id:5 store_id:5 > message:<msg_type:MsgAppend to:5 from:3 term:7 log_term:7 index:15 commit:15 > region_epoch:<conf_ver:1 version:1 >  from 3 to 5[0m
2025/12/20 22:37:20.259939 peer_msg_handler.go:287: [0;36m[debug] [region 1] 2 handle raft message MsgAppend from 3 to 2[0m
2025/12/20 22:37:20.260215 peer_msg_handler.go:335: [0;36m[debug] [region 1] handle raft message region_id:1 from_peer:<id:3 store_id:3 > to_peer:<id:2 store_id:2 > message:<msg_type:MsgAppend to:2 from:3 term:7 log_term:7 index:14 entries:<term:7 index:15 data:"\n\016\010\001\022\004\010\003\020\003\"\004\010\001\020\001\022\"\010\003\"\036\n\007default\022\n0 00000004\032\007x 0 4 y" > commit:15 > region_epoch:<conf_ver:1 version:1 >  from 3 to 2[0m
2025/12/20 22:37:20.261489 peer.go:373: [0;36m[debug] [region 1] 1, send raft msg MsgAppendResponse from {1 1 {} [] 0} to id:3 store_id:3 [0m
2025/12/20 22:37:20.261569 log.go:93: [0;36m[debug] [header:<region_id:1 peer:<id:3 store_id:3 > region_epoch:<conf_ver:1 version:1 > > requests:<cmd_type:Put put:<cf:"default" key:"0 00000004" value:"x 0 4 y" > > ]
[0m
2025/12/20 22:37:20.262422 peer.go:373: [0;36m[debug] [region 1] 4, send raft msg MsgAppendResponse from {4 4 {} [] 0} to id:3 store_id:3 [0m
2025/12/20 22:37:20.262488 log.go:93: [0;36m[debug] [header:<region_id:1 peer:<id:3 store_id:3 > region_epoch:<conf_ver:1 version:1 > > requests:<cmd_type:Put put:<cf:"default" key:"0 00000004" value:"x 0 4 y" > > ]
[0m
2025/12/20 22:37:20.262829 peer_msg_handler.go:287: [0;36m[debug] [region 1] 3 handle raft message MsgAppendResponse from 2 to 3[0m
2025/12/20 22:37:20.262917 peer_msg_handler.go:335: [0;36m[debug] [region 1] handle raft message region_id:1 from_peer:<id:2 store_id:2 > to_peer:<id:3 store_id:3 > message:<msg_type:MsgAppendResponse to:3 from:2 term:7 index:15 > region_epoch:<conf_ver:1 version:1 >  from 2 to 3[0m
2025/12/20 22:37:20.262932 peer_msg_handler.go:287: [0;36m[debug] [region 1] 3 handle raft message MsgAppendResponse from 4 to 3[0m
2025/12/20 22:37:20.262959 peer_msg_handler.go:335: [0;36m[debug] [region 1] handle raft message region_id:1 from_peer:<id:4 store_id:4 > to_peer:<id:3 store_id:3 > message:<msg_type:MsgAppendResponse to:3 from:4 term:7 index:15 > region_epoch:<conf_ver:1 version:1 >  from 4 to 3[0m
2025/12/20 22:37:20.262980 peer_msg_handler.go:287: [0;36m[debug] [region 1] 3 handle raft message MsgAppendResponse from 1 to 3[0m
2025/12/20 22:37:20.263050 peer_msg_handler.go:335: [0;36m[debug] [region 1] handle raft message region_id:1 from_peer:<id:1 store_id:1 > to_peer:<id:3 store_id:3 > message:<msg_type:MsgAppendResponse to:3 from:1 term:7 index:15 > region_epoch:<conf_ver:1 version:1 >  from 1 to 3[0m
2025/12/20 22:37:20.263059 peer_msg_handler.go:287: [0;36m[debug] [region 1] 3 handle raft message MsgAppendResponse from 4 to 3[0m
2025/12/20 22:37:20.263088 peer_msg_handler.go:335: [0;36m[debug] [region 1] handle raft message region_id:1 from_peer:<id:4 store_id:4 > to_peer:<id:3 store_id:3 > message:<msg_type:MsgAppendResponse to:3 from:4 term:7 index:15 > region_epoch:<conf_ver:1 version:1 >  from 4 to 3[0m
2025/12/20 22:37:20.263124 peer.go:373: [0;36m[debug] [region 1] 5, send raft msg MsgAppendResponse from {5 5 {} [] 0} to id:3 store_id:3 [0m
2025/12/20 22:37:20.263188 log.go:93: [0;36m[debug] [header:<region_id:1 peer:<id:3 store_id:3 > region_epoch:<conf_ver:1 version:1 > > requests:<cmd_type:Put put:<cf:"default" key:"0 00000004" value:"x 0 4 y" > > ]
[0m
2025/12/20 22:37:20.263750 peer.go:373: [0;36m[debug] [region 1] 2, send raft msg MsgAppendResponse from {2 2 {} [] 0} to id:3 store_id:3 [0m
2025/12/20 22:37:20.263811 log.go:93: [0;36m[debug] [header:<region_id:1 peer:<id:3 store_id:3 > region_epoch:<conf_ver:1 version:1 > > requests:<cmd_type:Put put:<cf:"default" key:"0 00000004" value:"x 0 4 y" > > ]
[0m
2025/12/20 22:37:20.265258 peer.go:373: [0;36m[debug] [region 1] 3, send raft msg MsgAppend from {3 3 {} [] 0} to id:1 store_id:1 [0m
2025/12/20 22:37:20.265329 peer.go:373: [0;36m[debug] [region 1] 3, send raft msg MsgAppend from {3 3 {} [] 0} to id:2 store_id:2 [0m
2025/12/20 22:37:20.265339 peer.go:373: [0;36m[debug] [region 1] 3, send raft msg MsgAppend from {3 3 {} [] 0} to id:4 store_id:4 [0m
2025/12/20 22:37:20.265346 peer.go:373: [0;36m[debug] [region 1] 3, send raft msg MsgAppend from {3 3 {} [] 0} to id:5 store_id:5 [0m
2025/12/20 22:37:20.265354 peer_msg_handler.go:287: [0;36m[debug] [region 1] 3 handle raft message MsgAppendResponse from 5 to 3[0m
2025/12/20 22:37:20.265381 peer_msg_handler.go:335: [0;36m[debug] [region 1] handle raft message region_id:1 from_peer:<id:5 store_id:5 > to_peer:<id:3 store_id:3 > message:<msg_type:MsgAppendResponse to:3 from:5 term:7 index:15 > region_epoch:<conf_ver:1 version:1 >  from 5 to 3[0m
2025/12/20 22:37:20.265389 peer_msg_handler.go:287: [0;36m[debug] [region 1] 3 handle raft message MsgAppendResponse from 2 to 3[0m
2025/12/20 22:37:20.265390 peer_msg_handler.go:287: [0;36m[debug] [region 1] 1 handle raft message MsgAppend from 3 to 1[0m
2025/12/20 22:37:20.265446 peer_msg_handler.go:287: [0;36m[debug] [region 1] 2 handle raft message MsgAppend from 3 to 2[0m
2025/12/20 22:37:20.265475 peer_msg_handler.go:335: [0;36m[debug] [region 1] handle raft message region_id:1 from_peer:<id:3 store_id:3 > to_peer:<id:1 store_id:1 > message:<msg_type:MsgAppend to:1 from:3 term:7 log_term:7 index:15 entries:<term:7 index:16 data:"\n\016\010\001\022\004\010\003\020\003\"\004\010\001\020\001\022\"\010\003\"\036\n\007default\022\n0 00000005\032\007x 0 5 y" > commit:15 > region_epoch:<conf_ver:1 version:1 >  from 3 to 1[0m
2025/12/20 22:37:20.265506 peer_msg_handler.go:335: [0;36m[debug] [region 1] handle raft message region_id:1 from_peer:<id:3 store_id:3 > to_peer:<id:2 store_id:2 > message:<msg_type:MsgAppend to:2 from:3 term:7 log_term:7 index:15 entries:<term:7 index:16 data:"\n\016\010\001\022\004\010\003\020\003\"\004\010\001\020\001\022\"\010\003\"\036\n\007default\022\n0 00000005\032\007x 0 5 y" > commit:15 > region_epoch:<conf_ver:1 version:1 >  from 3 to 2[0m
2025/12/20 22:37:20.265404 peer_msg_handler.go:335: [0;36m[debug] [region 1] handle raft message region_id:1 from_peer:<id:2 store_id:2 > to_peer:<id:3 store_id:3 > message:<msg_type:MsgAppendResponse to:3 from:2 term:7 index:15 > region_epoch:<conf_ver:1 version:1 >  from 2 to 3[0m
2025/12/20 22:37:20.265409 peer_msg_handler.go:287: [0;36m[debug] [region 1] 5 handle raft message MsgAppend from 3 to 5[0m
2025/12/20 22:37:20.265629 peer_msg_handler.go:335: [0;36m[debug] [region 1] handle raft message region_id:1 from_peer:<id:3 store_id:3 > to_peer:<id:5 store_id:5 > message:<msg_type:MsgAppend to:5 from:3 term:7 log_term:7 index:15 entries:<term:7 index:16 data:"\n\016\010\001\022\004\010\003\020\003\"\004\010\001\020\001\022\"\010\003\"\036\n\007default\022\n0 00000005\032\007x 0 5 y" > commit:15 > region_epoch:<conf_ver:1 version:1 >  from 3 to 5[0m
2025/12/20 22:37:20.265416 peer_msg_handler.go:287: [0;36m[debug] [region 1] 4 handle raft message MsgAppend from 3 to 4[0m
2025/12/20 22:37:20.265934 peer_msg_handler.go:335: [0;36m[debug] [region 1] handle raft message region_id:1 from_peer:<id:3 store_id:3 > to_peer:<id:4 store_id:4 > message:<msg_type:MsgAppend to:4 from:3 term:7 log_term:7 index:15 entries:<term:7 index:16 data:"\n\016\010\001\022\004\010\003\020\003\"\004\010\001\020\001\022\"\010\003\"\036\n\007default\022\n0 00000005\032\007x 0 5 y" > commit:15 > region_epoch:<conf_ver:1 version:1 >  from 3 to 4[0m
2025/12/20 22:37:20.267162 peer.go:373: [0;36m[debug] [region 1] 1, send raft msg MsgAppendResponse from {1 1 {} [] 0} to id:3 store_id:3 [0m
2025/12/20 22:37:20.267211 peer_msg_handler.go:287: [0;36m[debug] [region 1] 3 handle raft message MsgAppendResponse from 1 to 3[0m
2025/12/20 22:37:20.267238 peer_msg_handler.go:335: [0;36m[debug] [region 1] handle raft message region_id:1 from_peer:<id:1 store_id:1 > to_peer:<id:3 store_id:3 > message:<msg_type:MsgAppendResponse to:3 from:1 term:7 index:16 > region_epoch:<conf_ver:1 version:1 >  from 1 to 3[0m
2025/12/20 22:37:20.267727 peer.go:373: [0;36m[debug] [region 1] 2, send raft msg MsgAppendResponse from {2 2 {} [] 0} to id:3 store_id:3 [0m
2025/12/20 22:37:20.267762 peer_msg_handler.go:287: [0;36m[debug] [region 1] 3 handle raft message MsgAppendResponse from 2 to 3[0m
2025/12/20 22:37:20.267784 peer_msg_handler.go:335: [0;36m[debug] [region 1] handle raft message region_id:1 from_peer:<id:2 store_id:2 > to_peer:<id:3 store_id:3 > message:<msg_type:MsgAppendResponse to:3 from:2 term:7 index:16 > region_epoch:<conf_ver:1 version:1 >  from 2 to 3[0m
2025/12/20 22:37:20.267793 peer.go:373: [0;36m[debug] [region 1] 5, send raft msg MsgAppendResponse from {5 5 {} [] 0} to id:3 store_id:3 [0m
2025/12/20 22:37:20.268012 peer.go:373: [0;36m[debug] [region 1] 4, send raft msg MsgAppendResponse from {4 4 {} [] 0} to id:3 store_id:3 [0m
2025/12/20 22:37:20.269400 peer.go:373: [0;36m[debug] [region 1] 3, send raft msg MsgAppend from {3 3 {} [] 0} to id:1 store_id:1 [0m
2025/12/20 22:37:20.269570 peer.go:373: [0;36m[debug] [region 1] 3, send raft msg MsgAppend from {3 3 {} [] 0} to id:2 store_id:2 [0m
2025/12/20 22:37:20.269645 peer.go:373: [0;36m[debug] [region 1] 3, send raft msg MsgAppend from {3 3 {} [] 0} to id:4 store_id:4 [0m
2025/12/20 22:37:20.269748 peer.go:373: [0;36m[debug] [region 1] 3, send raft msg MsgAppend from {3 3 {} [] 0} to id:5 store_id:5 [0m
2025/12/20 22:37:20.269749 peer_msg_handler.go:287: [0;36m[debug] [region 1] 1 handle raft message MsgAppend from 3 to 1[0m
2025/12/20 22:37:20.269828 log.go:93: [0;36m[debug] [header:<region_id:1 peer:<id:3 store_id:3 > region_epoch:<conf_ver:1 version:1 > > requests:<cmd_type:Put put:<cf:"default" key:"0 00000005" value:"x 0 5 y" > > ]
[0m
2025/12/20 22:37:20.269854 peer_msg_handler.go:287: [0;36m[debug] [region 1] 2 handle raft message MsgAppend from 3 to 2[0m
2025/12/20 22:37:20.269894 peer_msg_handler.go:335: [0;36m[debug] [region 1] handle raft message region_id:1 from_peer:<id:3 store_id:3 > to_peer:<id:2 store_id:2 > message:<msg_type:MsgAppend to:2 from:3 term:7 log_term:7 index:16 commit:16 > region_epoch:<conf_ver:1 version:1 >  from 3 to 2[0m
2025/12/20 22:37:20.269959 peer_msg_handler.go:287: [0;36m[debug] [region 1] 5 handle raft message MsgAppend from 3 to 5[0m
2025/12/20 22:37:20.270069 peer_msg_handler.go:335: [0;36m[debug] [region 1] handle raft message region_id:1 from_peer:<id:3 store_id:3 > to_peer:<id:5 store_id:5 > message:<msg_type:MsgAppend to:5 from:3 term:7 log_term:7 index:15 entries:<term:7 index:16 data:"\n\016\010\001\022\004\010\003\020\003\"\004\010\001\020\001\022\"\010\003\"\036\n\007default\022\n0 00000005\032\007x 0 5 y" > commit:16 > region_epoch:<conf_ver:1 version:1 >  from 3 to 5[0m
2025/12/20 22:37:20.269829 peer_msg_handler.go:335: [0;36m[debug] [region 1] handle raft message region_id:1 from_peer:<id:3 store_id:3 > to_peer:<id:1 store_id:1 > message:<msg_type:MsgAppend to:1 from:3 term:7 log_term:7 index:16 commit:16 > region_epoch:<conf_ver:1 version:1 >  from 3 to 1[0m
2025/12/20 22:37:20.270101 peer_msg_handler.go:287: [0;36m[debug] [region 1] 4 handle raft message MsgAppend from 3 to 4[0m
2025/12/20 22:37:20.271014 peer_msg_handler.go:335: [0;36m[debug] [region 1] handle raft message region_id:1 from_peer:<id:3 store_id:3 > to_peer:<id:4 store_id:4 > message:<msg_type:MsgAppend to:4 from:3 term:7 log_term:7 index:15 entries:<term:7 index:16 data:"\n\016\010\001\022\004\010\003\020\003\"\004\010\001\020\001\022\"\010\003\"\036\n\007default\022\n0 00000005\032\007x 0 5 y" > commit:16 > region_epoch:<conf_ver:1 version:1 >  from 3 to 4[0m
2025/12/20 22:37:20.271420 peer.go:373: [0;36m[debug] [region 1] 2, send raft msg MsgAppendResponse from {2 2 {} [] 0} to id:3 store_id:3 [0m
2025/12/20 22:37:20.271488 log.go:93: [0;36m[debug] [header:<region_id:1 peer:<id:3 store_id:3 > region_epoch:<conf_ver:1 version:1 > > requests:<cmd_type:Put put:<cf:"default" key:"0 00000005" value:"x 0 5 y" > > ]
[0m
2025/12/20 22:37:20.272266 peer.go:373: [0;36m[debug] [region 1] 5, send raft msg MsgAppendResponse from {5 5 {} [] 0} to id:3 store_id:3 [0m
2025/12/20 22:37:20.272352 log.go:93: [0;36m[debug] [header:<region_id:1 peer:<id:3 store_id:3 > region_epoch:<conf_ver:1 version:1 > > requests:<cmd_type:Put put:<cf:"default" key:"0 00000005" value:"x 0 5 y" > > ]
[0m
2025/12/20 22:37:20.272829 peer_msg_handler.go:287: [0;36m[debug] [region 1] 3 handle raft message MsgAppendResponse from 5 to 3[0m
2025/12/20 22:37:20.272889 peer_msg_handler.go:335: [0;36m[debug] [region 1] handle raft message region_id:1 from_peer:<id:5 store_id:5 > to_peer:<id:3 store_id:3 > message:<msg_type:MsgAppendResponse to:3 from:5 term:7 index:16 > region_epoch:<conf_ver:1 version:1 >  from 5 to 3[0m
2025/12/20 22:37:20.272898 peer_msg_handler.go:287: [0;36m[debug] [region 1] 3 handle raft message MsgAppendResponse from 4 to 3[0m
2025/12/20 22:37:20.272912 peer_msg_handler.go:335: [0;36m[debug] [region 1] handle raft message region_id:1 from_peer:<id:4 store_id:4 > to_peer:<id:3 store_id:3 > message:<msg_type:MsgAppendResponse to:3 from:4 term:7 index:16 > region_epoch:<conf_ver:1 version:1 >  from 4 to 3[0m
2025/12/20 22:37:20.272946 peer_msg_handler.go:287: [0;36m[debug] [region 1] 3 handle raft message MsgAppendResponse from 2 to 3[0m
2025/12/20 22:37:20.272968 peer_msg_handler.go:335: [0;36m[debug] [region 1] handle raft message region_id:1 from_peer:<id:2 store_id:2 > to_peer:<id:3 store_id:3 > message:<msg_type:MsgAppendResponse to:3 from:2 term:7 index:16 > region_epoch:<conf_ver:1 version:1 >  from 2 to 3[0m
2025/12/20 22:37:20.272973 peer_msg_handler.go:287: [0;36m[debug] [region 1] 3 handle raft message MsgAppendResponse from 5 to 3[0m
2025/12/20 22:37:20.272987 peer_msg_handler.go:335: [0;36m[debug] [region 1] handle raft message region_id:1 from_peer:<id:5 store_id:5 > to_peer:<id:3 store_id:3 > message:<msg_type:MsgAppendResponse to:3 from:5 term:7 index:16 > region_epoch:<conf_ver:1 version:1 >  from 5 to 3[0m
2025/12/20 22:37:20.273413 peer.go:373: [0;36m[debug] [region 1] 1, send raft msg MsgAppendResponse from {1 1 {} [] 0} to id:3 store_id:3 [0m
2025/12/20 22:37:20.273476 log.go:93: [0;36m[debug] [header:<region_id:1 peer:<id:3 store_id:3 > region_epoch:<conf_ver:1 version:1 > > requests:<cmd_type:Put put:<cf:"default" key:"0 00000005" value:"x 0 5 y" > > ]
[0m
2025/12/20 22:37:20.274167 peer.go:373: [0;36m[debug] [region 1] 4, send raft msg MsgAppendResponse from {4 4 {} [] 0} to id:3 store_id:3 [0m
2025/12/20 22:37:20.274236 log.go:93: [0;36m[debug] [header:<region_id:1 peer:<id:3 store_id:3 > region_epoch:<conf_ver:1 version:1 > > requests:<cmd_type:Put put:<cf:"default" key:"0 00000005" value:"x 0 5 y" > > ]
[0m
2025/12/20 22:37:20.275859 peer.go:373: [0;36m[debug] [region 1] 3, send raft msg MsgAppend from {3 3 {} [] 0} to id:1 store_id:1 [0m
2025/12/20 22:37:20.275926 peer.go:373: [0;36m[debug] [region 1] 3, send raft msg MsgAppend from {3 3 {} [] 0} to id:2 store_id:2 [0m
2025/12/20 22:37:20.275935 peer.go:373: [0;36m[debug] [region 1] 3, send raft msg MsgAppend from {3 3 {} [] 0} to id:4 store_id:4 [0m
2025/12/20 22:37:20.275941 peer.go:373: [0;36m[debug] [region 1] 3, send raft msg MsgAppend from {3 3 {} [] 0} to id:5 store_id:5 [0m
2025/12/20 22:37:20.275949 peer_msg_handler.go:287: [0;36m[debug] [region 1] 3 handle raft message MsgAppendResponse from 1 to 3[0m
2025/12/20 22:37:20.275973 peer_msg_handler.go:335: [0;36m[debug] [region 1] handle raft message region_id:1 from_peer:<id:1 store_id:1 > to_peer:<id:3 store_id:3 > message:<msg_type:MsgAppendResponse to:3 from:1 term:7 index:16 > region_epoch:<conf_ver:1 version:1 >  from 1 to 3[0m
2025/12/20 22:37:20.275980 peer_msg_handler.go:287: [0;36m[debug] [region 1] 3 handle raft message MsgAppendResponse from 4 to 3[0m
2025/12/20 22:37:20.275995 peer_msg_handler.go:335: [0;36m[debug] [region 1] handle raft message region_id:1 from_peer:<id:4 store_id:4 > to_peer:<id:3 store_id:3 > message:<msg_type:MsgAppendResponse to:3 from:4 term:7 index:16 > region_epoch:<conf_ver:1 version:1 >  from 4 to 3[0m
2025/12/20 22:37:20.276006 peer_msg_handler.go:287: [0;36m[debug] [region 1] 5 handle raft message MsgAppend from 3 to 5[0m
2025/12/20 22:37:20.276037 peer_msg_handler.go:335: [0;36m[debug] [region 1] handle raft message region_id:1 from_peer:<id:3 store_id:3 > to_peer:<id:5 store_id:5 > message:<msg_type:MsgAppend to:5 from:3 term:7 log_term:7 index:16 entries:<term:7 index:17 data:"\n\016\010\001\022\004\010\003\020\003\"\004\010\001\020\001\022\"\010\003\"\036\n\007default\022\n0 00000006\032\007x 0 6 y" > commit:16 > region_epoch:<conf_ver:1 version:1 >  from 3 to 5[0m
2025/12/20 22:37:20.276064 peer_msg_handler.go:287: [0;36m[debug] [region 1] 1 handle raft message MsgAppend from 3 to 1[0m
2025/12/20 22:37:20.276067 peer_msg_handler.go:287: [0;36m[debug] [region 1] 4 handle raft message MsgAppend from 3 to 4[0m
2025/12/20 22:37:20.276042 peer_msg_handler.go:287: [0;36m[debug] [region 1] 2 handle raft message MsgAppend from 3 to 2[0m
2025/12/20 22:37:20.276146 peer_msg_handler.go:335: [0;36m[debug] [region 1] handle raft message region_id:1 from_peer:<id:3 store_id:3 > to_peer:<id:4 store_id:4 > message:<msg_type:MsgAppend to:4 from:3 term:7 log_term:7 index:16 entries:<term:7 index:17 data:"\n\016\010\001\022\004\010\003\020\003\"\004\010\001\020\001\022\"\010\003\"\036\n\007default\022\n0 00000006\032\007x 0 6 y" > commit:16 > region_epoch:<conf_ver:1 version:1 >  from 3 to 4[0m
2025/12/20 22:37:20.276154 peer_msg_handler.go:335: [0;36m[debug] [region 1] handle raft message region_id:1 from_peer:<id:3 store_id:3 > to_peer:<id:1 store_id:1 > message:<msg_type:MsgAppend to:1 from:3 term:7 log_term:7 index:16 entries:<term:7 index:17 data:"\n\016\010\001\022\004\010\003\020\003\"\004\010\001\020\001\022\"\010\003\"\036\n\007default\022\n0 00000006\032\007x 0 6 y" > commit:16 > region_epoch:<conf_ver:1 version:1 >  from 3 to 1[0m
2025/12/20 22:37:20.276188 peer_msg_handler.go:335: [0;36m[debug] [region 1] handle raft message region_id:1 from_peer:<id:3 store_id:3 > to_peer:<id:2 store_id:2 > message:<msg_type:MsgAppend to:2 from:3 term:7 log_term:7 index:16 entries:<term:7 index:17 data:"\n\016\010\001\022\004\010\003\020\003\"\004\010\001\020\001\022\"\010\003\"\036\n\007default\022\n0 00000006\032\007x 0 6 y" > commit:16 > region_epoch:<conf_ver:1 version:1 >  from 3 to 2[0m
2025/12/20 22:37:20.277518 peer.go:373: [0;36m[debug] [region 1] 2, send raft msg MsgAppendResponse from {2 2 {} [] 0} to id:3 store_id:3 [0m
2025/12/20 22:37:20.277562 peer_msg_handler.go:287: [0;36m[debug] [region 1] 3 handle raft message MsgAppendResponse from 2 to 3[0m
2025/12/20 22:37:20.277584 peer_msg_handler.go:335: [0;36m[debug] [region 1] handle raft message region_id:1 from_peer:<id:2 store_id:2 > to_peer:<id:3 store_id:3 > message:<msg_type:MsgAppendResponse to:3 from:2 term:7 index:17 > region_epoch:<conf_ver:1 version:1 >  from 2 to 3[0m
2025/12/20 22:37:20.277645 peer.go:373: [0;36m[debug] [region 1] 1, send raft msg MsgAppendResponse from {1 1 {} [] 0} to id:3 store_id:3 [0m
2025/12/20 22:37:20.277671 peer_msg_handler.go:287: [0;36m[debug] [region 1] 3 handle raft message MsgAppendResponse from 1 to 3[0m
2025/12/20 22:37:20.277702 peer_msg_handler.go:335: [0;36m[debug] [region 1] handle raft message region_id:1 from_peer:<id:1 store_id:1 > to_peer:<id:3 store_id:3 > message:<msg_type:MsgAppendResponse to:3 from:1 term:7 index:17 > region_epoch:<conf_ver:1 version:1 >  from 1 to 3[0m
2025/12/20 22:37:20.277808 peer.go:373: [0;36m[debug] [region 1] 4, send raft msg MsgAppendResponse from {4 4 {} [] 0} to id:3 store_id:3 [0m
2025/12/20 22:37:20.277877 peer.go:373: [0;36m[debug] [region 1] 5, send raft msg MsgAppendResponse from {5 5 {} [] 0} to id:3 store_id:3 [0m
2025/12/20 22:37:20.279064 peer.go:373: [0;36m[debug] [region 1] 3, send raft msg MsgAppend from {3 3 {} [] 0} to id:1 store_id:1 [0m
2025/12/20 22:37:20.279133 peer.go:373: [0;36m[debug] [region 1] 3, send raft msg MsgAppend from {3 3 {} [] 0} to id:2 store_id:2 [0m
2025/12/20 22:37:20.279153 peer.go:373: [0;36m[debug] [region 1] 3, send raft msg MsgAppend from {3 3 {} [] 0} to id:4 store_id:4 [0m
2025/12/20 22:37:20.279163 peer.go:373: [0;36m[debug] [region 1] 3, send raft msg MsgAppend from {3 3 {} [] 0} to id:5 store_id:5 [0m
2025/12/20 22:37:20.279174 peer_msg_handler.go:287: [0;36m[debug] [region 1] 1 handle raft message MsgAppend from 3 to 1[0m
2025/12/20 22:37:20.279190 log.go:93: [0;36m[debug] [header:<region_id:1 peer:<id:3 store_id:3 > region_epoch:<conf_ver:1 version:1 > > requests:<cmd_type:Put put:<cf:"default" key:"0 00000006" value:"x 0 6 y" > > ]
[0m
2025/12/20 22:37:20.279220 peer_msg_handler.go:335: [0;36m[debug] [region 1] handle raft message region_id:1 from_peer:<id:3 store_id:3 > to_peer:<id:1 store_id:1 > message:<msg_type:MsgAppend to:1 from:3 term:7 log_term:7 index:17 commit:17 > region_epoch:<conf_ver:1 version:1 >  from 3 to 1[0m
2025/12/20 22:37:20.279240 peer_msg_handler.go:287: [0;36m[debug] [region 1] 4 handle raft message MsgAppend from 3 to 4[0m
2025/12/20 22:37:20.279312 peer_msg_handler.go:335: [0;36m[debug] [region 1] handle raft message region_id:1 from_peer:<id:3 store_id:3 > to_peer:<id:4 store_id:4 > message:<msg_type:MsgAppend to:4 from:3 term:7 log_term:7 index:16 entries:<term:7 index:17 data:"\n\016\010\001\022\004\010\003\020\003\"\004\010\001\020\001\022\"\010\003\"\036\n\007default\022\n0 00000006\032\007x 0 6 y" > commit:17 > region_epoch:<conf_ver:1 version:1 >  from 3 to 4[0m
2025/12/20 22:37:20.279325 peer_msg_handler.go:287: [0;36m[debug] [region 1] 5 handle raft message MsgAppend from 3 to 5[0m
2025/12/20 22:37:20.279386 peer_msg_handler.go:335: [0;36m[debug] [region 1] handle raft message region_id:1 from_peer:<id:3 store_id:3 > to_peer:<id:5 store_id:5 > message:<msg_type:MsgAppend to:5 from:3 term:7 log_term:7 index:16 entries:<term:7 index:17 data:"\n\016\010\001\022\004\010\003\020\003\"\004\010\001\020\001\022\"\010\003\"\036\n\007default\022\n0 00000006\032\007x 0 6 y" > commit:17 > region_epoch:<conf_ver:1 version:1 >  from 3 to 5[0m
2025/12/20 22:37:20.279436 peer_msg_handler.go:287: [0;36m[debug] [region 1] 2 handle raft message MsgAppend from 3 to 2[0m
2025/12/20 22:37:20.279494 peer_msg_handler.go:335: [0;36m[debug] [region 1] handle raft message region_id:1 from_peer:<id:3 store_id:3 > to_peer:<id:2 store_id:2 > message:<msg_type:MsgAppend to:2 from:3 term:7 log_term:7 index:17 commit:17 > region_epoch:<conf_ver:1 version:1 >  from 3 to 2[0m
2025/12/20 22:37:20.280690 peer_msg_handler.go:287: [0;36m[debug] [region 1] 3 handle raft message MsgAppendResponse from 4 to 3[0m
2025/12/20 22:37:20.280946 peer_msg_handler.go:335: [0;36m[debug] [region 1] handle raft message region_id:1 from_peer:<id:4 store_id:4 > to_peer:<id:3 store_id:3 > message:<msg_type:MsgAppendResponse to:3 from:4 term:7 index:17 > region_epoch:<conf_ver:1 version:1 >  from 4 to 3[0m
2025/12/20 22:37:20.280956 peer_msg_handler.go:287: [0;36m[debug] [region 1] 3 handle raft message MsgAppendResponse from 5 to 3[0m
2025/12/20 22:37:20.280971 peer_msg_handler.go:335: [0;36m[debug] [region 1] handle raft message region_id:1 from_peer:<id:5 store_id:5 > to_peer:<id:3 store_id:3 > message:<msg_type:MsgAppendResponse to:3 from:5 term:7 index:17 > region_epoch:<conf_ver:1 version:1 >  from 5 to 3[0m
2025/12/20 22:37:20.281404 peer.go:373: [0;36m[debug] [region 1] 1, send raft msg MsgAppendResponse from {1 1 {} [] 0} to id:3 store_id:3 [0m
2025/12/20 22:37:20.281526 log.go:93: [0;36m[debug] [header:<region_id:1 peer:<id:3 store_id:3 > region_epoch:<conf_ver:1 version:1 > > requests:<cmd_type:Put put:<cf:"default" key:"0 00000006" value:"x 0 6 y" > > ]
[0m
2025/12/20 22:37:20.281410 peer.go:373: [0;36m[debug] [region 1] 4, send raft msg MsgAppendResponse from {4 4 {} [] 0} to id:3 store_id:3 [0m
2025/12/20 22:37:20.281703 log.go:93: [0;36m[debug] [header:<region_id:1 peer:<id:3 store_id:3 > region_epoch:<conf_ver:1 version:1 > > requests:<cmd_type:Put put:<cf:"default" key:"0 00000006" value:"x 0 6 y" > > ]
[0m
2025/12/20 22:37:20.282133 peer.go:373: [0;36m[debug] [region 1] 5, send raft msg MsgAppendResponse from {5 5 {} [] 0} to id:3 store_id:3 [0m
2025/12/20 22:37:20.282203 log.go:93: [0;36m[debug] [header:<region_id:1 peer:<id:3 store_id:3 > region_epoch:<conf_ver:1 version:1 > > requests:<cmd_type:Put put:<cf:"default" key:"0 00000006" value:"x 0 6 y" > > ]
[0m
2025/12/20 22:37:20.282981 peer.go:373: [0;36m[debug] [region 1] 2, send raft msg MsgAppendResponse from {2 2 {} [] 0} to id:3 store_id:3 [0m
2025/12/20 22:37:20.283057 log.go:93: [0;36m[debug] [header:<region_id:1 peer:<id:3 store_id:3 > region_epoch:<conf_ver:1 version:1 > > requests:<cmd_type:Put put:<cf:"default" key:"0 00000006" value:"x 0 6 y" > > ]
[0m
2025/12/20 22:37:20.283525 peer.go:373: [0;36m[debug] [region 1] 3, send raft msg MsgAppend from {3 3 {} [] 0} to id:1 store_id:1 [0m
2025/12/20 22:37:20.283573 peer.go:373: [0;36m[debug] [region 1] 3, send raft msg MsgAppend from {3 3 {} [] 0} to id:2 store_id:2 [0m
2025/12/20 22:37:20.283581 peer.go:373: [0;36m[debug] [region 1] 3, send raft msg MsgAppend from {3 3 {} [] 0} to id:4 store_id:4 [0m
2025/12/20 22:37:20.283589 peer.go:373: [0;36m[debug] [region 1] 3, send raft msg MsgAppend from {3 3 {} [] 0} to id:5 store_id:5 [0m
2025/12/20 22:37:20.283597 peer_msg_handler.go:287: [0;36m[debug] [region 1] 3 handle raft message MsgAppendResponse from 1 to 3[0m
2025/12/20 22:37:20.283618 peer_msg_handler.go:335: [0;36m[debug] [region 1] handle raft message region_id:1 from_peer:<id:1 store_id:1 > to_peer:<id:3 store_id:3 > message:<msg_type:MsgAppendResponse to:3 from:1 term:7 index:17 > region_epoch:<conf_ver:1 version:1 >  from 1 to 3[0m
2025/12/20 22:37:20.283626 peer_msg_handler.go:287: [0;36m[debug] [region 1] 3 handle raft message MsgAppendResponse from 4 to 3[0m
2025/12/20 22:37:20.283649 peer_msg_handler.go:335: [0;36m[debug] [region 1] handle raft message region_id:1 from_peer:<id:4 store_id:4 > to_peer:<id:3 store_id:3 > message:<msg_type:MsgAppendResponse to:3 from:4 term:7 index:17 > region_epoch:<conf_ver:1 version:1 >  from 4 to 3[0m
2025/12/20 22:37:20.283675 peer_msg_handler.go:287: [0;36m[debug] [region 1] 3 handle raft message MsgAppendResponse from 5 to 3[0m
2025/12/20 22:37:20.283689 peer_msg_handler.go:335: [0;36m[debug] [region 1] handle raft message region_id:1 from_peer:<id:5 store_id:5 > to_peer:<id:3 store_id:3 > message:<msg_type:MsgAppendResponse to:3 from:5 term:7 index:17 > region_epoch:<conf_ver:1 version:1 >  from 5 to 3[0m
2025/12/20 22:37:20.283693 peer_msg_handler.go:287: [0;36m[debug] [region 1] 3 handle raft message MsgAppendResponse from 2 to 3[0m
2025/12/20 22:37:20.283706 peer_msg_handler.go:335: [0;36m[debug] [region 1] handle raft message region_id:1 from_peer:<id:2 store_id:2 > to_peer:<id:3 store_id:3 > message:<msg_type:MsgAppendResponse to:3 from:2 term:7 index:17 > region_epoch:<conf_ver:1 version:1 >  from 2 to 3[0m
2025/12/20 22:37:20.283718 peer_msg_handler.go:287: [0;36m[debug] [region 1] 1 handle raft message MsgAppend from 3 to 1[0m
2025/12/20 22:37:20.283748 peer_msg_handler.go:335: [0;36m[debug] [region 1] handle raft message region_id:1 from_peer:<id:3 store_id:3 > to_peer:<id:1 store_id:1 > message:<msg_type:MsgAppend to:1 from:3 term:7 log_term:7 index:17 entries:<term:7 index:18 data:"\n\016\010\001\022\004\010\003\020\003\"\004\010\001\020\001\022\004\010\0052\000" > commit:17 > region_epoch:<conf_ver:1 version:1 >  from 3 to 1[0m
2025/12/20 22:37:20.284286 peer_msg_handler.go:287: [0;36m[debug] [region 1] 4 handle raft message MsgAppend from 3 to 4[0m
2025/12/20 22:37:20.284342 peer_msg_handler.go:335: [0;36m[debug] [region 1] handle raft message region_id:1 from_peer:<id:3 store_id:3 > to_peer:<id:4 store_id:4 > message:<msg_type:MsgAppend to:4 from:3 term:7 log_term:7 index:17 entries:<term:7 index:18 data:"\n\016\010\001\022\004\010\003\020\003\"\004\010\001\020\001\022\004\010\0052\000" > commit:17 > region_epoch:<conf_ver:1 version:1 >  from 3 to 4[0m
2025/12/20 22:37:20.284956 peer_msg_handler.go:287: [0;36m[debug] [region 1] 5 handle raft message MsgAppend from 3 to 5[0m
2025/12/20 22:37:20.285021 peer_msg_handler.go:335: [0;36m[debug] [region 1] handle raft message region_id:1 from_peer:<id:3 store_id:3 > to_peer:<id:5 store_id:5 > message:<msg_type:MsgAppend to:5 from:3 term:7 log_term:7 index:17 entries:<term:7 index:18 data:"\n\016\010\001\022\004\010\003\020\003\"\004\010\001\020\001\022\004\010\0052\000" > commit:17 > region_epoch:<conf_ver:1 version:1 >  from 3 to 5[0m
2025/12/20 22:37:20.285532 peer.go:373: [0;36m[debug] [region 1] 1, send raft msg MsgAppendResponse from {1 1 {} [] 0} to id:3 store_id:3 [0m
2025/12/20 22:37:20.285591 peer_msg_handler.go:287: [0;36m[debug] [region 1] 3 handle raft message MsgAppendResponse from 1 to 3[0m
2025/12/20 22:37:20.285613 peer_msg_handler.go:335: [0;36m[debug] [region 1] handle raft message region_id:1 from_peer:<id:1 store_id:1 > to_peer:<id:3 store_id:3 > message:<msg_type:MsgAppendResponse to:3 from:1 term:7 index:18 > region_epoch:<conf_ver:1 version:1 >  from 1 to 3[0m
2025/12/20 22:37:20.286306 peer_msg_handler.go:287: [0;36m[debug] [region 1] 2 handle raft message MsgAppend from 3 to 2[0m
2025/12/20 22:37:20.286425 peer_msg_handler.go:335: [0;36m[debug] [region 1] handle raft message region_id:1 from_peer:<id:3 store_id:3 > to_peer:<id:2 store_id:2 > message:<msg_type:MsgAppend to:2 from:3 term:7 log_term:7 index:17 entries:<term:7 index:18 data:"\n\016\010\001\022\004\010\003\020\003\"\004\010\001\020\001\022\004\010\0052\000" > commit:17 > region_epoch:<conf_ver:1 version:1 >  from 3 to 2[0m
2025/12/20 22:37:20.286319 peer.go:373: [0;36m[debug] [region 1] 4, send raft msg MsgAppendResponse from {4 4 {} [] 0} to id:3 store_id:3 [0m
2025/12/20 22:37:20.287067 peer_msg_handler.go:287: [0;36m[debug] [region 1] 3 handle raft message MsgAppendResponse from 4 to 3[0m
2025/12/20 22:37:20.287098 peer_msg_handler.go:335: [0;36m[debug] [region 1] handle raft message region_id:1 from_peer:<id:4 store_id:4 > to_peer:<id:3 store_id:3 > message:<msg_type:MsgAppendResponse to:3 from:4 term:7 index:18 > region_epoch:<conf_ver:1 version:1 >  from 4 to 3[0m
2025/12/20 22:37:20.287716 peer.go:373: [0;36m[debug] [region 1] 5, send raft msg MsgAppendResponse from {5 5 {} [] 0} to id:3 store_id:3 [0m
2025/12/20 22:37:20.288665 peer.go:373: [0;36m[debug] [region 1] 3, send raft msg MsgAppend from {3 3 {} [] 0} to id:1 store_id:1 [0m
2025/12/20 22:37:20.288746 peer.go:373: [0;36m[debug] [region 1] 3, send raft msg MsgAppend from {3 3 {} [] 0} to id:2 store_id:2 [0m
2025/12/20 22:37:20.288769 peer.go:373: [0;36m[debug] [region 1] 3, send raft msg MsgAppend from {3 3 {} [] 0} to id:4 store_id:4 [0m
2025/12/20 22:37:20.288786 peer.go:373: [0;36m[debug] [region 1] 3, send raft msg MsgAppend from {3 3 {} [] 0} to id:5 store_id:5 [0m
2025/12/20 22:37:20.288827 log.go:93: [0;36m[debug] [header:<region_id:1 peer:<id:3 store_id:3 > region_epoch:<conf_ver:1 version:1 > > requests:<cmd_type:Snap snap:<> > ]
[0m
2025/12/20 22:37:20.288827 peer.go:373: [0;36m[debug] [region 1] 2, send raft msg MsgAppendResponse from {2 2 {} [] 0} to id:3 store_id:3 [0m
2025/12/20 22:37:20.288812 peer_msg_handler.go:287: [0;36m[debug] [region 1] 1 handle raft message MsgAppend from 3 to 1[0m
2025/12/20 22:37:20.288849 peer_msg_handler.go:287: [0;36m[debug] [region 1] 4 handle raft message MsgAppend from 3 to 4[0m
2025/12/20 22:37:20.288857 peer_msg_handler.go:287: [0;36m[debug] [region 1] 2 handle raft message MsgAppend from 3 to 2[0m
2025/12/20 22:37:20.288893 peer_msg_handler.go:335: [0;36m[debug] [region 1] handle raft message region_id:1 from_peer:<id:3 store_id:3 > to_peer:<id:1 store_id:1 > message:<msg_type:MsgAppend to:1 from:3 term:7 log_term:7 index:18 commit:18 > region_epoch:<conf_ver:1 version:1 >  from 3 to 1[0m
2025/12/20 22:37:20.288901 peer_msg_handler.go:335: [0;36m[debug] [region 1] handle raft message region_id:1 from_peer:<id:3 store_id:3 > to_peer:<id:4 store_id:4 > message:<msg_type:MsgAppend to:4 from:3 term:7 log_term:7 index:18 commit:18 > region_epoch:<conf_ver:1 version:1 >  from 3 to 4[0m
2025/12/20 22:37:20.288916 peer_msg_handler.go:287: [0;36m[debug] [region 1] 5 handle raft message MsgAppend from 3 to 5[0m
2025/12/20 22:37:20.288901 peer_msg_handler.go:335: [0;36m[debug] [region 1] handle raft message region_id:1 from_peer:<id:3 store_id:3 > to_peer:<id:2 store_id:2 > message:<msg_type:MsgAppend to:2 from:3 term:7 log_term:7 index:17 entries:<term:7 index:18 data:"\n\016\010\001\022\004\010\003\020\003\"\004\010\001\020\001\022\004\010\0052\000" > commit:18 > region_epoch:<conf_ver:1 version:1 >  from 3 to 2[0m
2025/12/20 22:37:20.288986 peer_msg_handler.go:335: [0;36m[debug] [region 1] handle raft message region_id:1 from_peer:<id:3 store_id:3 > to_peer:<id:5 store_id:5 > message:<msg_type:MsgAppend to:5 from:3 term:7 log_term:7 index:17 entries:<term:7 index:18 data:"\n\016\010\001\022\004\010\003\020\003\"\004\010\001\020\001\022\004\010\0052\000" > commit:18 > region_epoch:<conf_ver:1 version:1 >  from 3 to 5[0m
2025/12/20 22:37:20.290474 peer.go:373: [0;36m[debug] [region 1] 2, send raft msg MsgAppendResponse from {2 2 {} [] 0} to id:3 store_id:3 [0m
2025/12/20 22:37:20.290564 log.go:93: [0;36m[debug] [header:<region_id:1 peer:<id:3 store_id:3 > region_epoch:<conf_ver:1 version:1 > > requests:<cmd_type:Snap snap:<> > ]
[0m
2025/12/20 22:37:20.290622 peer_msg_handler.go:287: [0;36m[debug] [region 1] 3 handle raft message MsgAppendResponse from 5 to 3[0m
2025/12/20 22:37:20.290685 peer_msg_handler.go:335: [0;36m[debug] [region 1] handle raft message region_id:1 from_peer:<id:5 store_id:5 > to_peer:<id:3 store_id:3 > message:<msg_type:MsgAppendResponse to:3 from:5 term:7 index:18 > region_epoch:<conf_ver:1 version:1 >  from 5 to 3[0m
2025/12/20 22:37:20.290698 peer_msg_handler.go:287: [0;36m[debug] [region 1] 3 handle raft message MsgAppendResponse from 2 to 3[0m
2025/12/20 22:37:20.290701 peer.go:373: [0;36m[debug] [region 1] 1, send raft msg MsgAppendResponse from {1 1 {} [] 0} to id:3 store_id:3 [0m
2025/12/20 22:37:20.290473 peer.go:373: [0;36m[debug] [region 1] 5, send raft msg MsgAppendResponse from {5 5 {} [] 0} to id:3 store_id:3 [0m
2025/12/20 22:37:20.290884 log.go:93: [0;36m[debug] [header:<region_id:1 peer:<id:3 store_id:3 > region_epoch:<conf_ver:1 version:1 > > requests:<cmd_type:Snap snap:<> > ]
[0m
2025/12/20 22:37:20.290963 peer.go:373: [0;36m[debug] [region 1] 4, send raft msg MsgAppendResponse from {4 4 {} [] 0} to id:3 store_id:3 [0m
2025/12/20 22:37:20.291234 log.go:93: [0;36m[debug] [header:<region_id:1 peer:<id:3 store_id:3 > region_epoch:<conf_ver:1 version:1 > > requests:<cmd_type:Snap snap:<> > ]
[0m
2025/12/20 22:37:20.290746 log.go:93: [0;36m[debug] [header:<region_id:1 peer:<id:3 store_id:3 > region_epoch:<conf_ver:1 version:1 > > requests:<cmd_type:Snap snap:<> > ]
[0m
2025/12/20 22:37:20.290734 peer_msg_handler.go:335: [0;36m[debug] [region 1] handle raft message region_id:1 from_peer:<id:2 store_id:2 > to_peer:<id:3 store_id:3 > message:<msg_type:MsgAppendResponse to:3 from:2 term:7 index:18 > region_epoch:<conf_ver:1 version:1 >  from 2 to 3[0m
2025/12/20 22:37:20.291553 peer_msg_handler.go:287: [0;36m[debug] [region 1] 3 handle raft message MsgAppendResponse from 2 to 3[0m
2025/12/20 22:37:20.291587 peer_msg_handler.go:335: [0;36m[debug] [region 1] handle raft message region_id:1 from_peer:<id:2 store_id:2 > to_peer:<id:3 store_id:3 > message:<msg_type:MsgAppendResponse to:3 from:2 term:7 index:18 > region_epoch:<conf_ver:1 version:1 >  from 2 to 3[0m
2025/12/20 22:37:20.293165 peer.go:373: [0;36m[debug] [region 1] 3, send raft msg MsgHeartbeat from {3 3 {} [] 0} to id:1 store_id:1 [0m
2025/12/20 22:37:20.293247 peer.go:373: [0;36m[debug] [region 1] 3, send raft msg MsgHeartbeat from {3 3 {} [] 0} to id:2 store_id:2 [0m
2025/12/20 22:37:20.293275 peer.go:373: [0;36m[debug] [region 1] 3, send raft msg MsgHeartbeat from {3 3 {} [] 0} to id:4 store_id:4 [0m
2025/12/20 22:37:20.293286 peer.go:373: [0;36m[debug] [region 1] 3, send raft msg MsgHeartbeat from {3 3 {} [] 0} to id:5 store_id:5 [0m
2025/12/20 22:37:20.293297 peer.go:373: [0;36m[debug] [region 1] 3, send raft msg MsgAppend from {3 3 {} [] 0} to id:1 store_id:1 [0m
2025/12/20 22:37:20.293318 peer.go:373: [0;36m[debug] [region 1] 3, send raft msg MsgAppend from {3 3 {} [] 0} to id:2 store_id:2 [0m
2025/12/20 22:37:20.293327 peer.go:373: [0;36m[debug] [region 1] 3, send raft msg MsgAppend from {3 3 {} [] 0} to id:4 store_id:4 [0m
2025/12/20 22:37:20.293337 peer.go:373: [0;36m[debug] [region 1] 3, send raft msg MsgAppend from {3 3 {} [] 0} to id:5 store_id:5 [0m
2025/12/20 22:37:20.293346 peer_msg_handler.go:287: [0;36m[debug] [region 1] 3 handle raft message MsgAppendResponse from 1 to 3[0m
2025/12/20 22:37:20.293380 peer_msg_handler.go:335: [0;36m[debug] [region 1] handle raft message region_id:1 from_peer:<id:1 store_id:1 > to_peer:<id:3 store_id:3 > message:<msg_type:MsgAppendResponse to:3 from:1 term:7 index:18 > region_epoch:<conf_ver:1 version:1 >  from 1 to 3[0m
2025/12/20 22:37:20.293380 peer_msg_handler.go:287: [0;36m[debug] [region 1] 1 handle raft message MsgHeartbeat from 3 to 1[0m
2025/12/20 22:37:20.293399 peer_msg_handler.go:287: [0;36m[debug] [region 1] 2 handle raft message MsgHeartbeat from 3 to 2[0m
2025/12/20 22:37:20.293429 peer_msg_handler.go:335: [0;36m[debug] [region 1] handle raft message region_id:1 from_peer:<id:3 store_id:3 > to_peer:<id:1 store_id:1 > message:<msg_type:MsgHeartbeat to:1 from:3 term:7 commit:18 > region_epoch:<conf_ver:1 version:1 >  from 3 to 1[0m
2025/12/20 22:37:20.293443 peer_msg_handler.go:287: [0;36m[debug] [region 1] 1 handle raft message MsgAppend from 3 to 1[0m
2025/12/20 22:37:20.293466 peer_msg_handler.go:335: [0;36m[debug] [region 1] handle raft message region_id:1 from_peer:<id:3 store_id:3 > to_peer:<id:2 store_id:2 > message:<msg_type:MsgHeartbeat to:2 from:3 term:7 commit:18 > region_epoch:<conf_ver:1 version:1 >  from 3 to 2[0m
2025/12/20 22:37:20.293509 peer_msg_handler.go:287: [0;36m[debug] [region 1] 2 handle raft message MsgAppend from 3 to 2[0m
2025/12/20 22:37:20.293528 peer_msg_handler.go:335: [0;36m[debug] [region 1] handle raft message region_id:1 from_peer:<id:3 store_id:3 > to_peer:<id:1 store_id:1 > message:<msg_type:MsgAppend to:1 from:3 term:7 log_term:7 index:18 entries:<term:7 index:19 data:"\n\016\010\001\022\004\010\003\020\003\"\004\010\001\020\001\022\"\010\003\"\036\n\007default\022\n0 00000007\032\007x 0 7 y" > commit:18 > region_epoch:<conf_ver:1 version:1 >  from 3 to 1[0m
2025/12/20 22:37:20.293390 peer_msg_handler.go:287: [0;36m[debug] [region 1] 3 handle raft message MsgAppendResponse from 5 to 3[0m
2025/12/20 22:37:20.293555 peer_msg_handler.go:335: [0;36m[debug] [region 1] handle raft message region_id:1 from_peer:<id:3 store_id:3 > to_peer:<id:2 store_id:2 > message:<msg_type:MsgAppend to:2 from:3 term:7 log_term:7 index:18 entries:<term:7 index:19 data:"\n\016\010\001\022\004\010\003\020\003\"\004\010\001\020\001\022\"\010\003\"\036\n\007default\022\n0 00000007\032\007x 0 7 y" > commit:18 > region_epoch:<conf_ver:1 version:1 >  from 3 to 2[0m
2025/12/20 22:37:20.293576 peer_msg_handler.go:335: [0;36m[debug] [region 1] handle raft message region_id:1 from_peer:<id:5 store_id:5 > to_peer:<id:3 store_id:3 > message:<msg_type:MsgAppendResponse to:3 from:5 term:7 index:18 > region_epoch:<conf_ver:1 version:1 >  from 5 to 3[0m
2025/12/20 22:37:20.293601 peer_msg_handler.go:287: [0;36m[debug] [region 1] 3 handle raft message MsgAppendResponse from 4 to 3[0m
2025/12/20 22:37:20.293623 peer_msg_handler.go:335: [0;36m[debug] [region 1] handle raft message region_id:1 from_peer:<id:4 store_id:4 > to_peer:<id:3 store_id:3 > message:<msg_type:MsgAppendResponse to:3 from:4 term:7 index:18 > region_epoch:<conf_ver:1 version:1 >  from 4 to 3[0m
2025/12/20 22:37:20.294391 peer.go:373: [0;36m[debug] [region 1] 4, send raft msg MsgRequestVote from {4 4 {} [] 0} to id:1 store_id:1 [0m
2025/12/20 22:37:20.294434 peer.go:373: [0;36m[debug] [region 1] 4, send raft msg MsgRequestVote from {4 4 {} [] 0} to id:2 store_id:2 [0m
2025/12/20 22:37:20.294451 peer.go:373: [0;36m[debug] [region 1] 4, send raft msg MsgRequestVote from {4 4 {} [] 0} to id:3 store_id:3 [0m
2025/12/20 22:37:20.294479 peer.go:373: [0;36m[debug] [region 1] 4, send raft msg MsgRequestVote from {4 4 {} [] 0} to id:5 store_id:5 [0m
2025/12/20 22:37:20.294488 peer_msg_handler.go:287: [0;36m[debug] [region 1] 4 handle raft message MsgHeartbeat from 3 to 4[0m
2025/12/20 22:37:20.294507 peer_msg_handler.go:335: [0;36m[debug] [region 1] handle raft message region_id:1 from_peer:<id:3 store_id:3 > to_peer:<id:4 store_id:4 > message:<msg_type:MsgHeartbeat to:4 from:3 term:7 commit:18 > region_epoch:<conf_ver:1 version:1 >  from 3 to 4[0m
2025/12/20 22:37:20.294516 peer_msg_handler.go:287: [0;36m[debug] [region 1] 4 handle raft message MsgAppend from 3 to 4[0m
2025/12/20 22:37:20.294539 peer_msg_handler.go:335: [0;36m[debug] [region 1] handle raft message region_id:1 from_peer:<id:3 store_id:3 > to_peer:<id:4 store_id:4 > message:<msg_type:MsgAppend to:4 from:3 term:7 log_term:7 index:18 entries:<term:7 index:19 data:"\n\016\010\001\022\004\010\003\020\003\"\004\010\001\020\001\022\"\010\003\"\036\n\007default\022\n0 00000007\032\007x 0 7 y" > commit:18 > region_epoch:<conf_ver:1 version:1 >  from 3 to 4[0m
2025/12/20 22:37:20.294565 peer_msg_handler.go:287: [0;36m[debug] [region 1] 3 handle raft message MsgRequestVote from 4 to 3[0m
2025/12/20 22:37:20.294591 peer_msg_handler.go:335: [0;36m[debug] [region 1] handle raft message region_id:1 from_peer:<id:4 store_id:4 > to_peer:<id:3 store_id:3 > message:<msg_type:MsgRequestVote to:3 from:4 term:8 log_term:7 index:18 > region_epoch:<conf_ver:1 version:1 >  from 4 to 3[0m
2025/12/20 22:37:20.295096 peer.go:373: [0;36m[debug] [region 1] 5, send raft msg MsgRequestVote from {5 5 {} [] 0} to id:1 store_id:1 [0m
2025/12/20 22:37:20.295141 peer.go:373: [0;36m[debug] [region 1] 5, send raft msg MsgRequestVote from {5 5 {} [] 0} to id:2 store_id:2 [0m
2025/12/20 22:37:20.295148 peer.go:373: [0;36m[debug] [region 1] 5, send raft msg MsgRequestVote from {5 5 {} [] 0} to id:3 store_id:3 [0m
2025/12/20 22:37:20.295154 peer.go:373: [0;36m[debug] [region 1] 5, send raft msg MsgRequestVote from {5 5 {} [] 0} to id:4 store_id:4 [0m
2025/12/20 22:37:20.295196 peer_msg_handler.go:287: [0;36m[debug] [region 1] 5 handle raft message MsgHeartbeat from 3 to 5[0m
2025/12/20 22:37:20.295217 peer_msg_handler.go:335: [0;36m[debug] [region 1] handle raft message region_id:1 from_peer:<id:3 store_id:3 > to_peer:<id:5 store_id:5 > message:<msg_type:MsgHeartbeat to:5 from:3 term:7 commit:18 > region_epoch:<conf_ver:1 version:1 >  from 3 to 5[0m
2025/12/20 22:37:20.295242 peer_msg_handler.go:287: [0;36m[debug] [region 1] 5 handle raft message MsgAppend from 3 to 5[0m
2025/12/20 22:37:20.295269 peer_msg_handler.go:335: [0;36m[debug] [region 1] handle raft message region_id:1 from_peer:<id:3 store_id:3 > to_peer:<id:5 store_id:5 > message:<msg_type:MsgAppend to:5 from:3 term:7 log_term:7 index:18 entries:<term:7 index:19 data:"\n\016\010\001\022\004\010\003\020\003\"\004\010\001\020\001\022\"\010\003\"\036\n\007default\022\n0 00000007\032\007x 0 7 y" > commit:18 > region_epoch:<conf_ver:1 version:1 >  from 3 to 5[0m
2025/12/20 22:37:20.295293 peer_msg_handler.go:287: [0;36m[debug] [region 1] 5 handle raft message MsgRequestVote from 4 to 5[0m
2025/12/20 22:37:20.295306 peer_msg_handler.go:287: [0;36m[debug] [region 1] 4 handle raft message MsgRequestVote from 5 to 4[0m
2025/12/20 22:37:20.295309 peer_msg_handler.go:335: [0;36m[debug] [region 1] handle raft message region_id:1 from_peer:<id:4 store_id:4 > to_peer:<id:5 store_id:5 > message:<msg_type:MsgRequestVote to:5 from:4 term:8 log_term:7 index:18 > region_epoch:<conf_ver:1 version:1 >  from 4 to 5[0m
2025/12/20 22:37:20.295343 peer_msg_handler.go:335: [0;36m[debug] [region 1] handle raft message region_id:1 from_peer:<id:5 store_id:5 > to_peer:<id:4 store_id:4 > message:<msg_type:MsgRequestVote to:4 from:5 term:8 log_term:7 index:18 > region_epoch:<conf_ver:1 version:1 >  from 5 to 4[0m
2025/12/20 22:37:20.295769 peer.go:373: [0;36m[debug] [region 1] 2, send raft msg MsgHeartbeatResponse from {2 2 {} [] 0} to id:3 store_id:3 [0m
2025/12/20 22:37:20.295828 peer.go:373: [0;36m[debug] [region 1] 2, send raft msg MsgAppendResponse from {2 2 {} [] 0} to id:3 store_id:3 [0m
2025/12/20 22:37:20.295841 peer_msg_handler.go:287: [0;36m[debug] [region 1] 2 handle raft message MsgRequestVote from 4 to 2[0m
2025/12/20 22:37:20.295861 peer_msg_handler.go:335: [0;36m[debug] [region 1] handle raft message region_id:1 from_peer:<id:4 store_id:4 > to_peer:<id:2 store_id:2 > message:<msg_type:MsgRequestVote to:2 from:4 term:8 log_term:7 index:18 > region_epoch:<conf_ver:1 version:1 >  from 4 to 2[0m
2025/12/20 22:37:20.295868 peer_msg_handler.go:287: [0;36m[debug] [region 1] 2 handle raft message MsgRequestVote from 5 to 2[0m
2025/12/20 22:37:20.295881 peer_msg_handler.go:335: [0;36m[debug] [region 1] handle raft message region_id:1 from_peer:<id:5 store_id:5 > to_peer:<id:2 store_id:2 > message:<msg_type:MsgRequestVote to:2 from:5 term:8 log_term:7 index:18 > region_epoch:<conf_ver:1 version:1 >  from 5 to 2[0m
2025/12/20 22:37:20.296353 peer.go:373: [0;36m[debug] [region 1] 1, send raft msg MsgHeartbeatResponse from {1 1 {} [] 0} to id:3 store_id:3 [0m
2025/12/20 22:37:20.296478 peer.go:373: [0;36m[debug] [region 1] 1, send raft msg MsgAppendResponse from {1 1 {} [] 0} to id:3 store_id:3 [0m
2025/12/20 22:37:20.296583 peer_msg_handler.go:287: [0;36m[debug] [region 1] 1 handle raft message MsgRequestVote from 4 to 1[0m
2025/12/20 22:37:20.296636 peer_msg_handler.go:335: [0;36m[debug] [region 1] handle raft message region_id:1 from_peer:<id:4 store_id:4 > to_peer:<id:1 store_id:1 > message:<msg_type:MsgRequestVote to:1 from:4 term:8 log_term:7 index:18 > region_epoch:<conf_ver:1 version:1 >  from 4 to 1[0m
2025/12/20 22:37:20.296677 peer_msg_handler.go:287: [0;36m[debug] [region 1] 1 handle raft message MsgRequestVote from 5 to 1[0m
2025/12/20 22:37:20.296712 peer_msg_handler.go:335: [0;36m[debug] [region 1] handle raft message region_id:1 from_peer:<id:5 store_id:5 > to_peer:<id:1 store_id:1 > message:<msg_type:MsgRequestVote to:1 from:5 term:8 log_term:7 index:18 > region_epoch:<conf_ver:1 version:1 >  from 5 to 1[0m
2025/12/20 22:37:20.297045 peer.go:373: [0;36m[debug] [region 1] 3, send raft msg MsgRequestVoteResponse from {3 3 {} [] 0} to id:4 store_id:4 [0m
2025/12/20 22:37:20.297090 peer_msg_handler.go:287: [0;36m[debug] [region 1] 3 handle raft message MsgRequestVote from 5 to 3[0m
2025/12/20 22:37:20.297125 peer_msg_handler.go:335: [0;36m[debug] [region 1] handle raft message region_id:1 from_peer:<id:5 store_id:5 > to_peer:<id:3 store_id:3 > message:<msg_type:MsgRequestVote to:3 from:5 term:8 log_term:7 index:18 > region_epoch:<conf_ver:1 version:1 >  from 5 to 3[0m
2025/12/20 22:37:20.297132 peer_msg_handler.go:287: [0;36m[debug] [region 1] 3 handle raft message MsgHeartbeatResponse from 2 to 3[0m
2025/12/20 22:37:20.297147 peer_msg_handler.go:335: [0;36m[debug] [region 1] handle raft message region_id:1 from_peer:<id:2 store_id:2 > to_peer:<id:3 store_id:3 > message:<msg_type:MsgHeartbeatResponse to:3 from:2 term:7 index:18 > region_epoch:<conf_ver:1 version:1 >  from 2 to 3[0m
2025/12/20 22:37:20.297151 peer_msg_handler.go:287: [0;36m[debug] [region 1] 3 handle raft message MsgAppendResponse from 2 to 3[0m
2025/12/20 22:37:20.297168 peer_msg_handler.go:335: [0;36m[debug] [region 1] handle raft message region_id:1 from_peer:<id:2 store_id:2 > to_peer:<id:3 store_id:3 > message:<msg_type:MsgAppendResponse to:3 from:2 term:7 index:19 > region_epoch:<conf_ver:1 version:1 >  from 2 to 3[0m
2025/12/20 22:37:20.297193 peer_msg_handler.go:287: [0;36m[debug] [region 1] 3 handle raft message MsgHeartbeatResponse from 1 to 3[0m
2025/12/20 22:37:20.297207 peer_msg_handler.go:335: [0;36m[debug] [region 1] handle raft message region_id:1 from_peer:<id:1 store_id:1 > to_peer:<id:3 store_id:3 > message:<msg_type:MsgHeartbeatResponse to:3 from:1 term:7 index:18 > region_epoch:<conf_ver:1 version:1 >  from 1 to 3[0m
2025/12/20 22:37:20.297212 peer_msg_handler.go:287: [0;36m[debug] [region 1] 3 handle raft message MsgAppendResponse from 1 to 3[0m
2025/12/20 22:37:20.297250 peer_msg_handler.go:335: [0;36m[debug] [region 1] handle raft message region_id:1 from_peer:<id:1 store_id:1 > to_peer:<id:3 store_id:3 > message:<msg_type:MsgAppendResponse to:3 from:1 term:7 index:19 > region_epoch:<conf_ver:1 version:1 >  from 1 to 3[0m
2025/12/20 22:37:20.297683 peer.go:373: [0;36m[debug] [region 1] 5, send raft msg MsgRequestVoteResponse from {5 5 {} [] 0} to id:4 store_id:4 [0m
2025/12/20 22:37:20.298467 peer.go:373: [0;36m[debug] [region 1] 4, send raft msg MsgRequestVoteResponse from {4 4 {} [] 0} to id:5 store_id:5 [0m
2025/12/20 22:37:20.298538 peer_msg_handler.go:287: [0;36m[debug] [region 1] 4 handle raft message MsgRequestVoteResponse from 3 to 4[0m
2025/12/20 22:37:20.298561 peer_msg_handler.go:335: [0;36m[debug] [region 1] handle raft message region_id:1 from_peer:<id:3 store_id:3 > to_peer:<id:4 store_id:4 > message:<msg_type:MsgRequestVoteResponse to:4 from:3 term:8 reject:true > region_epoch:<conf_ver:1 version:1 >  from 3 to 4[0m
2025/12/20 22:37:20.298568 peer_msg_handler.go:287: [0;36m[debug] [region 1] 4 handle raft message MsgRequestVoteResponse from 5 to 4[0m
2025/12/20 22:37:20.298582 peer_msg_handler.go:335: [0;36m[debug] [region 1] handle raft message region_id:1 from_peer:<id:5 store_id:5 > to_peer:<id:4 store_id:4 > message:<msg_type:MsgRequestVoteResponse to:4 from:5 term:8 reject:true > region_epoch:<conf_ver:1 version:1 >  from 5 to 4[0m
2025/12/20 22:37:20.298601 peer_msg_handler.go:287: [0;36m[debug] [region 1] 5 handle raft message MsgRequestVoteResponse from 4 to 5[0m
2025/12/20 22:37:20.298624 peer_msg_handler.go:335: [0;36m[debug] [region 1] handle raft message region_id:1 from_peer:<id:4 store_id:4 > to_peer:<id:5 store_id:5 > message:<msg_type:MsgRequestVoteResponse to:5 from:4 term:8 reject:true > region_epoch:<conf_ver:1 version:1 >  from 4 to 5[0m
2025/12/20 22:37:20.299274 peer.go:373: [0;36m[debug] [region 1] 1, send raft msg MsgRequestVoteResponse from {1 1 {} [] 0} to id:4 store_id:4 [0m
2025/12/20 22:37:20.299310 peer.go:373: [0;36m[debug] [region 1] 2, send raft msg MsgRequestVoteResponse from {2 2 {} [] 0} to id:4 store_id:4 [0m
2025/12/20 22:37:20.299325 peer.go:373: [0;36m[debug] [region 1] 1, send raft msg MsgRequestVoteResponse from {1 1 {} [] 0} to id:5 store_id:5 [0m
2025/12/20 22:37:20.299334 peer.go:373: [0;36m[debug] [region 1] 2, send raft msg MsgRequestVoteResponse from {2 2 {} [] 0} to id:5 store_id:5 [0m
2025/12/20 22:37:20.299340 peer_msg_handler.go:287: [0;36m[debug] [region 1] 5 handle raft message MsgRequestVoteResponse from 1 to 5[0m
2025/12/20 22:37:20.299346 peer_msg_handler.go:287: [0;36m[debug] [region 1] 4 handle raft message MsgRequestVoteResponse from 1 to 4[0m
2025/12/20 22:37:20.299374 peer_msg_handler.go:335: [0;36m[debug] [region 1] handle raft message region_id:1 from_peer:<id:1 store_id:1 > to_peer:<id:4 store_id:4 > message:<msg_type:MsgRequestVoteResponse to:4 from:1 term:8 reject:true > region_epoch:<conf_ver:1 version:1 >  from 1 to 4[0m
2025/12/20 22:37:20.299381 peer_msg_handler.go:287: [0;36m[debug] [region 1] 4 handle raft message MsgRequestVoteResponse from 2 to 4[0m
2025/12/20 22:37:20.299382 peer_msg_handler.go:335: [0;36m[debug] [region 1] handle raft message region_id:1 from_peer:<id:1 store_id:1 > to_peer:<id:5 store_id:5 > message:<msg_type:MsgRequestVoteResponse to:5 from:1 term:8 reject:true > region_epoch:<conf_ver:1 version:1 >  from 1 to 5[0m
2025/12/20 22:37:20.299380 peer.go:373: [0;36m[debug] [region 1] 3, send raft msg MsgRequestVoteResponse from {3 3 {} [] 0} to id:5 store_id:5 [0m
2025/12/20 22:37:20.299392 peer_msg_handler.go:287: [0;36m[debug] [region 1] 5 handle raft message MsgRequestVoteResponse from 2 to 5[0m
2025/12/20 22:37:20.299457 peer_msg_handler.go:335: [0;36m[debug] [region 1] handle raft message region_id:1 from_peer:<id:2 store_id:2 > to_peer:<id:5 store_id:5 > message:<msg_type:MsgRequestVoteResponse to:5 from:2 term:8 reject:true > region_epoch:<conf_ver:1 version:1 >  from 2 to 5[0m
2025/12/20 22:37:20.299395 peer_msg_handler.go:335: [0;36m[debug] [region 1] handle raft message region_id:1 from_peer:<id:2 store_id:2 > to_peer:<id:4 store_id:4 > message:<msg_type:MsgRequestVoteResponse to:4 from:2 term:8 reject:true > region_epoch:<conf_ver:1 version:1 >  from 2 to 4[0m
2025/12/20 22:37:20.300786 peer_msg_handler.go:287: [0;36m[debug] [region 1] 5 handle raft message MsgRequestVoteResponse from 3 to 5[0m
2025/12/20 22:37:20.300842 peer_msg_handler.go:335: [0;36m[debug] [region 1] handle raft message region_id:1 from_peer:<id:3 store_id:3 > to_peer:<id:5 store_id:5 > message:<msg_type:MsgRequestVoteResponse to:5 from:3 term:8 reject:true > region_epoch:<conf_ver:1 version:1 >  from 3 to 5[0m
2025/12/20 22:37:20.391518 peer.go:373: [0;36m[debug] [region 1] 2, send raft msg MsgRequestVote from {2 2 {} [] 0} to id:1 store_id:1 [0m
2025/12/20 22:37:20.391599 peer.go:373: [0;36m[debug] [region 1] 2, send raft msg MsgRequestVote from {2 2 {} [] 0} to id:3 store_id:3 [0m
2025/12/20 22:37:20.391608 peer.go:373: [0;36m[debug] [region 1] 2, send raft msg MsgRequestVote from {2 2 {} [] 0} to id:4 store_id:4 [0m
2025/12/20 22:37:20.391615 peer.go:373: [0;36m[debug] [region 1] 2, send raft msg MsgRequestVote from {2 2 {} [] 0} to id:5 store_id:5 [0m
2025/12/20 22:37:20.391624 peer_msg_handler.go:287: [0;36m[debug] [region 1] 5 handle raft message MsgRequestVote from 2 to 5[0m
2025/12/20 22:37:20.391648 peer_msg_handler.go:335: [0;36m[debug] [region 1] handle raft message region_id:1 from_peer:<id:2 store_id:2 > to_peer:<id:5 store_id:5 > message:<msg_type:MsgRequestVote to:5 from:2 term:9 log_term:7 index:19 > region_epoch:<conf_ver:1 version:1 >  from 2 to 5[0m
2025/12/20 22:37:20.391656 peer_msg_handler.go:287: [0;36m[debug] [region 1] 3 handle raft message MsgRequestVote from 2 to 3[0m
2025/12/20 22:37:20.391777 peer_msg_handler.go:287: [0;36m[debug] [region 1] 4 handle raft message MsgRequestVote from 2 to 4[0m
2025/12/20 22:37:20.391965 peer_msg_handler.go:335: [0;36m[debug] [region 1] handle raft message region_id:1 from_peer:<id:2 store_id:2 > to_peer:<id:4 store_id:4 > message:<msg_type:MsgRequestVote to:4 from:2 term:9 log_term:7 index:19 > region_epoch:<conf_ver:1 version:1 >  from 2 to 4[0m
2025/12/20 22:37:20.391806 peer_msg_handler.go:287: [0;36m[debug] [region 1] 1 handle raft message MsgRequestVote from 2 to 1[0m
2025/12/20 22:37:20.392089 peer_msg_handler.go:335: [0;36m[debug] [region 1] handle raft message region_id:1 from_peer:<id:2 store_id:2 > to_peer:<id:1 store_id:1 > message:<msg_type:MsgRequestVote to:1 from:2 term:9 log_term:7 index:19 > region_epoch:<conf_ver:1 version:1 >  from 2 to 1[0m
2025/12/20 22:37:20.391841 peer_msg_handler.go:335: [0;36m[debug] [region 1] handle raft message region_id:1 from_peer:<id:2 store_id:2 > to_peer:<id:3 store_id:3 > message:<msg_type:MsgRequestVote to:3 from:2 term:9 log_term:7 index:19 > region_epoch:<conf_ver:1 version:1 >  from 2 to 3[0m
2025/12/20 22:37:20.393369 peer.go:373: [0;36m[debug] [region 1] 5, send raft msg MsgRequestVoteResponse from {5 5 {} [] 0} to id:2 store_id:2 [0m
2025/12/20 22:37:20.393476 peer_msg_handler.go:287: [0;36m[debug] [region 1] 2 handle raft message MsgRequestVoteResponse from 5 to 2[0m
2025/12/20 22:37:20.393512 peer_msg_handler.go:335: [0;36m[debug] [region 1] handle raft message region_id:1 from_peer:<id:5 store_id:5 > to_peer:<id:2 store_id:2 > message:<msg_type:MsgRequestVoteResponse to:2 from:5 term:9 > region_epoch:<conf_ver:1 version:1 >  from 5 to 2[0m
2025/12/20 22:37:20.394023 peer.go:373: [0;36m[debug] [region 1] 1, send raft msg MsgRequestVoteResponse from {1 1 {} [] 0} to id:2 store_id:2 [0m
2025/12/20 22:37:20.394162 peer_msg_handler.go:287: [0;36m[debug] [region 1] 2 handle raft message MsgRequestVoteResponse from 1 to 2[0m
2025/12/20 22:37:20.394197 peer_msg_handler.go:335: [0;36m[debug] [region 1] handle raft message region_id:1 from_peer:<id:1 store_id:1 > to_peer:<id:2 store_id:2 > message:<msg_type:MsgRequestVoteResponse to:2 from:1 term:9 > region_epoch:<conf_ver:1 version:1 >  from 1 to 2[0m
2025/12/20 22:37:20.394218 peer.go:373: [0;36m[debug] [region 1] 4, send raft msg MsgRequestVoteResponse from {4 4 {} [] 0} to id:2 store_id:2 [0m
2025/12/20 22:37:20.394233 states.go:28: [0;37m[info] [9] S2 becomeLeader [0m
2025/12/20 22:37:20.394299 peer.go:373: [0;36m[debug] [region 1] 3, send raft msg MsgRequestVoteResponse from {3 3 {} [] 0} to id:2 store_id:2 [0m
2025/12/20 22:37:20.398339 peer.go:373: [0;36m[debug] [region 1] 2, send raft msg MsgAppend from {2 2 {} [] 0} to id:1 store_id:1 [0m
2025/12/20 22:37:20.398448 peer.go:373: [0;36m[debug] [region 1] 2, send raft msg MsgAppend from {2 2 {} [] 0} to id:3 store_id:3 [0m
2025/12/20 22:37:20.398462 peer.go:373: [0;36m[debug] [region 1] 2, send raft msg MsgAppend from {2 2 {} [] 0} to id:4 store_id:4 [0m
2025/12/20 22:37:20.398471 peer.go:373: [0;36m[debug] [region 1] 2, send raft msg MsgAppend from {2 2 {} [] 0} to id:5 store_id:5 [0m
2025/12/20 22:37:20.398483 peer_msg_handler.go:287: [0;36m[debug] [region 1] 2 handle raft message MsgRequestVoteResponse from 4 to 2[0m
2025/12/20 22:37:20.398513 peer_msg_handler.go:335: [0;36m[debug] [region 1] handle raft message region_id:1 from_peer:<id:4 store_id:4 > to_peer:<id:2 store_id:2 > message:<msg_type:MsgRequestVoteResponse to:2 from:4 term:9 > region_epoch:<conf_ver:1 version:1 >  from 4 to 2[0m
2025/12/20 22:37:20.398522 peer_msg_handler.go:287: [0;36m[debug] [region 1] 2 handle raft message MsgRequestVoteResponse from 3 to 2[0m
2025/12/20 22:37:20.398569 peer_msg_handler.go:335: [0;36m[debug] [region 1] handle raft message region_id:1 from_peer:<id:3 store_id:3 > to_peer:<id:2 store_id:2 > message:<msg_type:MsgRequestVoteResponse to:2 from:3 term:9 > region_epoch:<conf_ver:1 version:1 >  from 3 to 2[0m
2025/12/20 22:37:20.398616 peer_msg_handler.go:287: [0;36m[debug] [region 1] 5 handle raft message MsgAppend from 2 to 5[0m
2025/12/20 22:37:20.398645 peer_msg_handler.go:335: [0;36m[debug] [region 1] handle raft message region_id:1 from_peer:<id:2 store_id:2 > to_peer:<id:5 store_id:5 > message:<msg_type:MsgAppend to:5 from:2 term:9 log_term:7 index:19 entries:<term:9 index:20 > commit:18 > region_epoch:<conf_ver:1 version:1 >  from 2 to 5[0m
2025/12/20 22:37:20.398656 peer_msg_handler.go:287: [0;36m[debug] [region 1] 4 handle raft message MsgAppend from 2 to 4[0m
2025/12/20 22:37:20.398719 peer_msg_handler.go:335: [0;36m[debug] [region 1] handle raft message region_id:1 from_peer:<id:2 store_id:2 > to_peer:<id:4 store_id:4 > message:<msg_type:MsgAppend to:4 from:2 term:9 log_term:7 index:19 entries:<term:9 index:20 > commit:18 > region_epoch:<conf_ver:1 version:1 >  from 2 to 4[0m
2025/12/20 22:37:20.398766 peer_msg_handler.go:287: [0;36m[debug] [region 1] 3 handle raft message MsgAppend from 2 to 3[0m
2025/12/20 22:37:20.398898 peer_msg_handler.go:335: [0;36m[debug] [region 1] handle raft message region_id:1 from_peer:<id:2 store_id:2 > to_peer:<id:3 store_id:3 > message:<msg_type:MsgAppend to:3 from:2 term:9 log_term:7 index:19 entries:<term:9 index:20 > commit:18 > region_epoch:<conf_ver:1 version:1 >  from 2 to 3[0m
2025/12/20 22:37:20.398775 peer_msg_handler.go:287: [0;36m[debug] [region 1] 1 handle raft message MsgAppend from 2 to 1[0m
2025/12/20 22:37:20.399302 peer_msg_handler.go:335: [0;36m[debug] [region 1] handle raft message region_id:1 from_peer:<id:2 store_id:2 > to_peer:<id:1 store_id:1 > message:<msg_type:MsgAppend to:1 from:2 term:9 log_term:7 index:19 entries:<term:9 index:20 > commit:18 > region_epoch:<conf_ver:1 version:1 >  from 2 to 1[0m
2025/12/20 22:37:20.400577 peer.go:373: [0;36m[debug] [region 1] 5, send raft msg MsgAppendResponse from {5 5 {} [] 0} to id:2 store_id:2 [0m
2025/12/20 22:37:20.400670 peer_msg_handler.go:287: [0;36m[debug] [region 1] 2 handle raft message MsgAppendResponse from 5 to 2[0m
2025/12/20 22:37:20.400723 peer_msg_handler.go:335: [0;36m[debug] [region 1] handle raft message region_id:1 from_peer:<id:5 store_id:5 > to_peer:<id:2 store_id:2 > message:<msg_type:MsgAppendResponse to:2 from:5 term:9 index:18 reject:true > region_epoch:<conf_ver:1 version:1 >  from 5 to 2[0m
2025/12/20 22:37:20.401522 peer.go:373: [0;36m[debug] [region 1] 4, send raft msg MsgAppendResponse from {4 4 {} [] 0} to id:2 store_id:2 [0m
2025/12/20 22:37:20.403348 peer.go:373: [0;36m[debug] [region 1] 2, send raft msg MsgAppend from {2 2 {} [] 0} to id:5 store_id:5 [0m
2025/12/20 22:37:20.403411 peer_msg_handler.go:287: [0;36m[debug] [region 1] 2 handle raft message MsgAppendResponse from 4 to 2[0m
2025/12/20 22:37:20.403436 peer_msg_handler.go:335: [0;36m[debug] [region 1] handle raft message region_id:1 from_peer:<id:4 store_id:4 > to_peer:<id:2 store_id:2 > message:<msg_type:MsgAppendResponse to:2 from:4 term:9 index:18 reject:true > region_epoch:<conf_ver:1 version:1 >  from 4 to 2[0m
2025/12/20 22:37:20.403571 peer_msg_handler.go:287: [0;36m[debug] [region 1] 5 handle raft message MsgAppend from 2 to 5[0m
2025/12/20 22:37:20.403642 peer_msg_handler.go:335: [0;36m[debug] [region 1] handle raft message region_id:1 from_peer:<id:2 store_id:2 > to_peer:<id:5 store_id:5 > message:<msg_type:MsgAppend to:5 from:2 term:9 log_term:7 index:18 entries:<term:7 index:19 data:"\n\016\010\001\022\004\010\003\020\003\"\004\010\001\020\001\022\"\010\003\"\036\n\007default\022\n0 00000007\032\007x 0 7 y" > entries:<term:9 index:20 > commit:18 > region_epoch:<conf_ver:1 version:1 >  from 2 to 5[0m
2025/12/20 22:37:20.404500 peer.go:373: [0;36m[debug] [region 1] 1, send raft msg MsgAppendResponse from {1 1 {} [] 0} to id:2 store_id:2 [0m
2025/12/20 22:37:20.404504 peer.go:373: [0;36m[debug] [region 1] 3, send raft msg MsgAppendResponse from {3 3 {} [] 0} to id:2 store_id:2 [0m
2025/12/20 22:37:20.405163 peer.go:373: [0;36m[debug] [region 1] 2, send raft msg MsgAppend from {2 2 {} [] 0} to id:4 store_id:4 [0m
2025/12/20 22:37:20.405221 peer_msg_handler.go:287: [0;36m[debug] [region 1] 2 handle raft message MsgAppendResponse from 1 to 2[0m
2025/12/20 22:37:20.405250 peer_msg_handler.go:335: [0;36m[debug] [region 1] handle raft message region_id:1 from_peer:<id:1 store_id:1 > to_peer:<id:2 store_id:2 > message:<msg_type:MsgAppendResponse to:2 from:1 term:9 index:20 > region_epoch:<conf_ver:1 version:1 >  from 1 to 2[0m
2025/12/20 22:37:20.405259 peer_msg_handler.go:287: [0;36m[debug] [region 1] 2 handle raft message MsgAppendResponse from 3 to 2[0m
2025/12/20 22:37:20.405289 peer_msg_handler.go:335: [0;36m[debug] [region 1] handle raft message region_id:1 from_peer:<id:3 store_id:3 > to_peer:<id:2 store_id:2 > message:<msg_type:MsgAppendResponse to:2 from:3 term:9 index:20 > region_epoch:<conf_ver:1 version:1 >  from 3 to 2[0m
2025/12/20 22:37:20.405490 peer_msg_handler.go:287: [0;36m[debug] [region 1] 4 handle raft message MsgAppend from 2 to 4[0m
2025/12/20 22:37:20.405600 peer_msg_handler.go:335: [0;36m[debug] [region 1] handle raft message region_id:1 from_peer:<id:2 store_id:2 > to_peer:<id:4 store_id:4 > message:<msg_type:MsgAppend to:4 from:2 term:9 log_term:7 index:18 entries:<term:7 index:19 data:"\n\016\010\001\022\004\010\003\020\003\"\004\010\001\020\001\022\"\010\003\"\036\n\007default\022\n0 00000007\032\007x 0 7 y" > entries:<term:9 index:20 > commit:18 > region_epoch:<conf_ver:1 version:1 >  from 2 to 4[0m
2025/12/20 22:37:20.407517 peer.go:373: [0;36m[debug] [region 1] 2, send raft msg MsgAppend from {2 2 {} [] 0} to id:1 store_id:1 [0m
2025/12/20 22:37:20.407737 peer.go:373: [0;36m[debug] [region 1] 5, send raft msg MsgAppendResponse from {5 5 {} [] 0} to id:2 store_id:2 [0m
2025/12/20 22:37:20.407740 peer.go:373: [0;36m[debug] [region 1] 2, send raft msg MsgAppend from {2 2 {} [] 0} to id:3 store_id:3 [0m
2025/12/20 22:37:20.407804 peer.go:373: [0;36m[debug] [region 1] 2, send raft msg MsgAppend from {2 2 {} [] 0} to id:4 store_id:4 [0m
2025/12/20 22:37:20.407814 peer.go:373: [0;36m[debug] [region 1] 2, send raft msg MsgAppend from {2 2 {} [] 0} to id:5 store_id:5 [0m
2025/12/20 22:37:20.407757 peer_msg_handler.go:287: [0;36m[debug] [region 1] 1 handle raft message MsgAppend from 2 to 1[0m
2025/12/20 22:37:20.407895 log.go:93: [0;36m[debug] [header:<region_id:1 peer:<id:3 store_id:3 > region_epoch:<conf_ver:1 version:1 > > requests:<cmd_type:Put put:<cf:"default" key:"0 00000007" value:"x 0 7 y" > > ]
[0m
2025/12/20 22:37:20.407916 peer_msg_handler.go:335: [0;36m[debug] [region 1] handle raft message region_id:1 from_peer:<id:2 store_id:2 > to_peer:<id:1 store_id:1 > message:<msg_type:MsgAppend to:1 from:2 term:9 log_term:9 index:20 commit:20 > region_epoch:<conf_ver:1 version:1 >  from 2 to 1[0m
2025/12/20 22:37:20.408006 peer_msg_handler.go:287: [0;36m[debug] [region 1] 3 handle raft message MsgAppend from 2 to 3[0m
2025/12/20 22:37:20.408095 peer_msg_handler.go:335: [0;36m[debug] [region 1] handle raft message region_id:1 from_peer:<id:2 store_id:2 > to_peer:<id:3 store_id:3 > message:<msg_type:MsgAppend to:3 from:2 term:9 log_term:9 index:20 commit:20 > region_epoch:<conf_ver:1 version:1 >  from 2 to 3[0m
2025/12/20 22:37:20.408154 peer_msg_handler.go:287: [0;36m[debug] [region 1] 5 handle raft message MsgAppend from 2 to 5[0m
2025/12/20 22:37:20.408392 peer_msg_handler.go:335: [0;36m[debug] [region 1] handle raft message region_id:1 from_peer:<id:2 store_id:2 > to_peer:<id:5 store_id:5 > message:<msg_type:MsgAppend to:5 from:2 term:9 log_term:7 index:18 entries:<term:7 index:19 data:"\n\016\010\001\022\004\010\003\020\003\"\004\010\001\020\001\022\"\010\003\"\036\n\007default\022\n0 00000007\032\007x 0 7 y" > entries:<term:9 index:20 > commit:20 > region_epoch:<conf_ver:1 version:1 >  from 2 to 5[0m
2025/12/20 22:37:20.410268 peer_msg_handler.go:287: [0;36m[debug] [region 1] 2 handle raft message MsgAppendResponse from 5 to 2[0m
2025/12/20 22:37:20.410364 peer_msg_handler.go:335: [0;36m[debug] [region 1] handle raft message region_id:1 from_peer:<id:5 store_id:5 > to_peer:<id:2 store_id:2 > message:<msg_type:MsgAppendResponse to:2 from:5 term:9 index:20 > region_epoch:<conf_ver:1 version:1 >  from 5 to 2[0m
2025/12/20 22:37:20.411033 peer.go:373: [0;36m[debug] [region 1] 3, send raft msg MsgAppendResponse from {3 3 {} [] 0} to id:2 store_id:2 [0m
2025/12/20 22:37:20.411054 peer.go:373: [0;36m[debug] [region 1] 1, send raft msg MsgAppendResponse from {1 1 {} [] 0} to id:2 store_id:2 [0m
2025/12/20 22:37:20.411139 log.go:93: [0;36m[debug] [header:<region_id:1 peer:<id:3 store_id:3 > region_epoch:<conf_ver:1 version:1 > > requests:<cmd_type:Put put:<cf:"default" key:"0 00000007" value:"x 0 7 y" > > ]
[0m
2025/12/20 22:37:20.411161 log.go:93: [0;36m[debug] [header:<region_id:1 peer:<id:3 store_id:3 > region_epoch:<conf_ver:1 version:1 > > requests:<cmd_type:Put put:<cf:"default" key:"0 00000007" value:"x 0 7 y" > > ]
[0m
2025/12/20 22:37:20.411250 peer_msg_handler.go:287: [0;36m[debug] [region 1] 2 handle raft message MsgAppendResponse from 3 to 2[0m
2025/12/20 22:37:20.411342 peer_msg_handler.go:335: [0;36m[debug] [region 1] handle raft message region_id:1 from_peer:<id:3 store_id:3 > to_peer:<id:2 store_id:2 > message:<msg_type:MsgAppendResponse to:2 from:3 term:9 index:20 > region_epoch:<conf_ver:1 version:1 >  from 3 to 2[0m
2025/12/20 22:37:20.411047 peer.go:373: [0;36m[debug] [region 1] 5, send raft msg MsgAppendResponse from {5 5 {} [] 0} to id:2 store_id:2 [0m
2025/12/20 22:37:20.411471 log.go:93: [0;36m[debug] [header:<region_id:1 peer:<id:3 store_id:3 > region_epoch:<conf_ver:1 version:1 > > requests:<cmd_type:Put put:<cf:"default" key:"0 00000007" value:"x 0 7 y" > > ]
[0m
2025/12/20 22:37:20.411278 peer.go:373: [0;36m[debug] [region 1] 4, send raft msg MsgAppendResponse from {4 4 {} [] 0} to id:2 store_id:2 [0m
2025/12/20 22:37:20.412115 peer_msg_handler.go:287: [0;36m[debug] [region 1] 4 handle raft message MsgAppend from 2 to 4[0m
2025/12/20 22:37:20.411358 peer_msg_handler.go:287: [0;36m[debug] [region 1] 2 handle raft message MsgAppendResponse from 1 to 2[0m
2025/12/20 22:37:20.412323 peer_msg_handler.go:335: [0;36m[debug] [region 1] handle raft message region_id:1 from_peer:<id:1 store_id:1 > to_peer:<id:2 store_id:2 > message:<msg_type:MsgAppendResponse to:2 from:1 term:9 index:20 > region_epoch:<conf_ver:1 version:1 >  from 1 to 2[0m
2025/12/20 22:37:20.412391 peer_msg_handler.go:287: [0;36m[debug] [region 1] 2 handle raft message MsgAppendResponse from 5 to 2[0m
2025/12/20 22:37:20.412438 peer_msg_handler.go:335: [0;36m[debug] [region 1] handle raft message region_id:1 from_peer:<id:5 store_id:5 > to_peer:<id:2 store_id:2 > message:<msg_type:MsgAppendResponse to:2 from:5 term:9 index:20 > region_epoch:<conf_ver:1 version:1 >  from 5 to 2[0m
2025/12/20 22:37:20.412448 peer_msg_handler.go:287: [0;36m[debug] [region 1] 2 handle raft message MsgAppendResponse from 4 to 2[0m
2025/12/20 22:37:20.412480 peer_msg_handler.go:335: [0;36m[debug] [region 1] handle raft message region_id:1 from_peer:<id:4 store_id:4 > to_peer:<id:2 store_id:2 > message:<msg_type:MsgAppendResponse to:2 from:4 term:9 index:20 > region_epoch:<conf_ver:1 version:1 >  from 4 to 2[0m
2025/12/20 22:37:20.412321 peer_msg_handler.go:335: [0;36m[debug] [region 1] handle raft message region_id:1 from_peer:<id:2 store_id:2 > to_peer:<id:4 store_id:4 > message:<msg_type:MsgAppend to:4 from:2 term:9 log_term:7 index:18 entries:<term:7 index:19 data:"\n\016\010\001\022\004\010\003\020\003\"\004\010\001\020\001\022\"\010\003\"\036\n\007default\022\n0 00000007\032\007x 0 7 y" > entries:<term:9 index:20 > commit:20 > region_epoch:<conf_ver:1 version:1 >  from 2 to 4[0m
2025/12/20 22:37:20.413553 peer_msg_handler.go:181: [0;31m[error] [region 1] 3 not leader, need redirect to 2[0m
2025/12/20 22:37:20.413633 log.go:196: region 1 is not leader
panic: region 1 is not leader

goroutine 265 [running]:
log.(*Logger).Panic(0xc0000baf30, {0xc17c903ca8?, 0x4?, 0xc17ca51a00?})
	/usr/lib/go-1.22/src/log/log.go:303 +0x65
github.com/pingcap-incubator/tinykv/log.(*Logger).Panic(...)
	/home/akane/tinykv/tinykv-lab/log/log.go:196
github.com/pingcap-incubator/tinykv/log.Panic(...)
	/home/akane/tinykv/tinykv-lab/log/log.go:85
github.com/pingcap-incubator/tinykv/kv/raftstore.(*peerMsgHandler).proposeRaftCommand(0xc17c903e20, 0xc000143e00, 0xc000012ac8)
	/home/akane/tinykv/tinykv-lab/kv/raftstore/peer_msg_handler.go:211 +0x5c
github.com/pingcap-incubator/tinykv/kv/raftstore.(*peerMsgHandler).HandleMsg(0xc17c903e20, {0xc17c903ec0?, 0x1?, {0xa95e80?, 0xc17c846500?}})
	/home/akane/tinykv/tinykv-lab/kv/raftstore/peer_msg_handler.go:154 +0x175
github.com/pingcap-incubator/tinykv/kv/raftstore.(*raftWorker).run(0xc121df41c0, 0xc000038f00, 0x0?)
	/home/akane/tinykv/tinykv-lab/kv/raftstore/raft_worker.go:54 +0x489
created by github.com/pingcap-incubator/tinykv/kv/raftstore.(*Raftstore).startWorkers in goroutine 25
	/home/akane/tinykv/tinykv-lab/kv/raftstore/raftstore.go:270 +0x152
FAIL	github.com/pingcap-incubator/tinykv/kv/test_raftstore	1.606s
FAIL
GO111MODULE=on go test -v --count=1 --parallel=1 -p=1 ./kv/test_raftstore -run ^TestConcurrent2B|| true
